Workbook
Name Month: [1]!MonthTable[MONTH]
Name Month: [1]!MonthTable[MONTH]
Name Month: [1]!MonthTable[MONTH]
Name Month: [1]!MonthTable[MONTH]
Name Month: [1]!MonthTable[MONTH]

Sheet FLF & AGENT INFO
B2: COMPANY | D2: NOMINATE | F2: VESSEL AGENT | H2: SHIPPER
B3: PNTS | D3: WHS ISKANDAR | F3: PT. INTERNASIONAL TOTAL SERVICE & LOGISTICS (ITL) | H3: PT. KITADIN
B4: MERANTI | D4: FTU ALI 1 | F4: PT. PELAYARAN EKA IVANAJASA (EKA IVANAJASA) | H4: PT. TRUBAINDO COAL MINING
B5: ROCKTREE | D5: GREEN CALYPSO | F5: PT. SERASI SHIPPING INDONESIA (S5) | H5: PT. BHARINTO EKATAMA
B6: STEVEDORE | D6: PRIMA KARYA 1 & GREEN CALYPSO | F6: PT. BAHARI EKA NUSANTARA (BEN) | H6: PT. INDOMINCO MANDIRI
B7: TERMINAL | D7: PRIMA KARYA 1 | F7: PT. RARA DUTA ARMADA | H7: PT. JORONG BARUTAMA GRESTON
B8: MGMARITIM | D8: OBT DAYSPRING | F8: PT. ANDHINI SAMUDERA JAYA (ASJ)
B9: PSS | D9: NICHOLAS | F9: PT. TIRTA SAMUDERA CARAKA (TSC)
D10: SURYA PRATAMA KARYA | F10: PT. PENASCOP
D11: APOLLO | F11: PT. ADMIRAL LINES
D12: AUGUST-APOLLO | F12: PT. BAHARI TIRTA JAYA (BTJ)
D13: AUGUST | F13: PT. BAHARI TIRTA JAYA (BTJ)
D14: ZEUS | F14: PT. ARPENI PRATAMA OCEAN LINE (APOL)
D15: MARA / ZEUS | F15: PT. TRI ELANG JAYA MARITIM
D16: MARA | F16: PT. INDO DHARMA TRANSPORT
D17: LEO | F17: PT. RIANDY FIESTA SAMUDERA (RFS)
D18: LABOR | F18: PT. ADHIKA SAMUDERA JAYA
D19: SHIP LOADER | F19: PT. CAKRAWALA LAUTAN INDONESIA
D20: HABCO TRANS 8 | F20: PT. MULTI LINE BORNEO (MLB)
D21: PARAMESWARA | F21: PT. ATLANTIC GLOBAL SHIPPING
... D28: RATU DEWATA | F28: TBN
D29: RATU DEWATA & BULK JAVA
D30: GREEN CALYPSO & ANUGRAH LAUTAN 09
D31: APOLLO-ZEUS
D32: ZEUS - APOLLO
G120: KSA 99

Sheet Sheet1
B2: Starting Point to POL (Port of Loading) | C2: GAM | D2: TCM | E2: BEK | F2: JMB | G2: KMIA | H2: KTD | I2: BBE | J2: GRM/SJA | K2: ALH | L2: IKJ | M2: KBM | N2: KEI | O2: KJA | P2: JBG | Q2: IDX | R2: IMM | S2: BBA
B3: SAMARINDA
B4: Upstream (Start passing Mahakam Bridge) | C4: 43 | D4: 41 | E4: 41 | F4: 10 | G4: 10 | H4: 8 | I4: 5 | J4: 5 | X4: START | Y4: END | Z4: IDLE HOURS | AA4: IDLE BARGE
B5: Downstream (No passing Mahakam Bridge) | K5: 3 | L5: 5 | M5: 5 | N5: 5 | O5: 20 | P5: 96 | Q5: 41 | R5: 17 | S5: 113 | X5: 45212.778 | Y5: 45213.312 | Z5: =(Y5-X5)*24 -> 12.833333 | AA5: =Z5/3 -> 4.2777778
Y6: TOTAL | Z6: =SUM(Z5:Z5) -> 12.833333 | AA6: =SUM(AA5:AA5) -> 4.2777778
B7: (No passing Mahakam Bridge) | O7: 40 | P7: =P5+17 -> 113 | Q7: 24 | R7: 1 | S7: 96
B9: POL (Port of Loading) to SMD | C9: SMD (BEFORE MAHAKAM BRIDGE)
B10: GAM | C10: 43
B11: TCM | D11: 41
B12: BEK | E12: 41
B13: JMB | F13: 10
B14: KMIA | G14: 10
B15: KTD | H15: 8
B16: BBE | I16: 5
B17: SJA | J17: 5
B19: Condition of schedule open-close bridge | C19: MAHAKAM BRIDGE
B20: POL to Mahakam bridge | C20: Less or equal to the Mahakam bridge schedule, the barge allow passing bridge on that date
C21: Past the Mahakam bridge schedule, then the barge will follow the next day
B23: SMD to POD (After Passing Bridge) | C23: JBG | D23: BoCT | E23: MBR
B24: SMD | C24: 96 | D24: 30 | E24: 24
B26: ACTIVITIES | C26: GAM | D26: TCM | E26: BEK | F26: JMB | G26: KMIA | H26: KTD | I26: BBE | J26: BBE | K26: ALH | L26: IKJ | M26: KBM | N26: KEI | O26: KJA | P26: JBG | Q26: IDX | R26: IMM | S26: BBA
B27: LOADING | C27: =7500/2000 -> 3.75 | D27: =7500/2000 -> 3.75 | E27: =7500/2000 -> 3.75 | F27: 15 | G27: 15 | H27: 15 | I27: 15 | J27: 15 | K27: 15 | L27: 15 | M27: 15 | N27: 15 | O27: 4 | P27: 15 | Q27: 4 | R27: 4 | S27: 20
B29: ACTIVITIES | C29: JBG | E29: BoCT | F29: MBR
C30: FC | D30: LABOR | E30: CBU | F30: FLF METHOD | I30: FC | J30: LABOR | K30: * FC = Floating Crane
C31: SINGLE | D31: SINGLE | F31: SINGLE | G31: BLENDING | H31: MAIN BLENDNG | I31: SINGLE | J31: SINGLE | K31: * CBU = Continuous Barge Unloading Facilities
B32: UNLOADING | C32: 12 | D32: 15 | E32: 6 | F32: 6 | G32: 8 | H32: 18 | I32: 12 | J32: 15
B34: POD to SMDR
B35: MBR | C35: 10
B36: BoCT | C36: 17
B37: JBG | C37: 96

Sheet BLU JAN'23
A1: LOADING DATE | B1: POL SHARE | C1: POL | D1: TERM | E1: VESSEL NAME | G1: ETA | H1: ATA | I1: Route (POL - POD) | J1: STATUS | K1: POSITION | L1: TRIP NO. | N1: TUG | O1: BARGE | P1: PRODUCT ID | Q1: Max. Cargo | R1: Actual DSR | T1: TCM | W1: BEK | Y1: 3RD PARTY | AA1: JBG | AB1: EMB | AC1: IMM | AH1: 3RD PARTY | AV1: Trip start | AW1: Trip End | AX1: Barge Cycle (Days) | AY1: Arrive SMDS | AZ1: Depart SMDS | BA1: Arrive POL | BB1: Loading Start | BC1: Loading End | BD1: Cast off | BE1: Departure | BF1: Sailing To SMD | BG1: Open Bridge | BH1: Closing Bridge | BI1: Actual Passing Bridge | BJ1: Arrive POD | BK1: Unloading start | BL1: Unloding End | BM1: Cast Off | BN1: Departure | BO1: Arrive SMDR | BP1: Remark | BR1: INTRANSIT (SMD-POL) | BS1: LOADING | BT1: OUTRANSIT (POL-SMD) | BU1: OUTRANSIT (SMD-POD) | BV1: UNLOADING | BW1: INTRANSIT (POD-SMD) | BX1: TOTAL (DAYS) | BY1: TOTAL BARGE CYCLE (DAYS) | BZ1: FUR (%)
T2: HCVLS | U2: HCVHS | V2: HCVMS | W2: MCV-LS | X2: HCV-MS | Y2: MBL | Z2: EBH | AA2: JORONG | AB2: EMB | AC2: WB.HCV.LS | AD2: WB.HCV.HS | AE2: EB.MCV.LS | AF2: EB.MCV.MS | AG2: EB.MCV.HS | AH2: IKJ | AI2: GRM | AJ2: JHN | AK2: KMIA | AL2: KJA | AM2: BBA | AN2: BBE | AO2: ALH | AP2: IDX | AQ2: KBM | AR2: KWA | AS2: MCM | AT2: MML | AU2: SJA
A3: JAN'23 | E3: ACTUAL | F3: PLAN
A4: =BB4 -> 44939.476 | B4: DONE | C4: BBA | D4: FAS | E4: BoCT/MV. WAN LI | G4: 44940.552 | H4: 44940.552 | I4: BBA-BoCT | J4: Completed | K4: Completed | L4: BBA-2301-001 | N4: TRANS 9 | O4: TSM 9 | P4: BBA | Q4: 5300 | R4: 5109.361 | AM4: =R4 -> 5109.361 | AV4: =AY4 -> 44939.469 | AW4: =BO4 -> 44947.16 | AX4: =AW4-AV4 -> 7.6909722 | AY4: 44939.469 | AZ4: 44939.469 | BA4: 44939.469 | BB4: 44939.476 | BC4: 44939.913 | BD4: 44939.917 | BE4: 44939.917 | BF4: 44939.917 | BG4: N/A | BH4: N/A | BI4: N/A | BJ4: 44945.972 | BK4: 44946.351 | BL4: 44947.146 | BM4: 44947.16 | BN4: 44947.16 | BO4: 44947.16 | BR4: =(BA4-AZ4)*24 -> 0 | BS4: =(BC4-BB4)*24 -> 10.5 | BT4: =(BF4-BE4)*24 -> 0 | BU4: =(BJ4-BF4)*24 -> 145.33333 | BV4: =(BL4-BK4)*24 -> 19.083333 | BW4: =(BO4-BN4)*24 -> 0 | BX4: =SUM(BR4:BW4)/24 -> 7.2881944 | BY4: =AX4 -> 7.6909722 | BZ4: =BX4/BY4 -> 0.9476298
A5: =BB5 -> 44937.562 | B5: DONE | C5: BBE | D5: STTC | E5: BoCT/MV. KARTINI SAMUDERA | G5: 44943.167 | H5: 44943.167 | I5: BBE-BoCT | J5: Completed | K5: Completed | L5: BBE-2301-001 | N5: KSA 41 | O5: TBG 310 | P5: BBE | Q5: =3141*2.4 -> 7538.4 | R5: 7500 | AN5: =R5 -> 7500 | AV5: =AY5 -> 44924.396 | AW5: =BO5 -> 44944.368 | AX5: =AW5-AV5 -> 19.972222 | AY5: 44924.396 | AZ5: 44934.792 | BA5: 44934.83 | BB5: 44937.562 | BC5: 44938.125 | BD5: 44938.149 | BE5: 44938.153 | BF5: =BE5+(5/24) -> 44938.361 | BG5: 44940.292 | BH5: 44940.458 | BI5: 44940.375 | BJ5: 44942.903 | BK5: 44943.608 | BL5: 44943.889 | BM5: 44943.899 | BN5: 44943.944 | BO5: 44944.368 | BR5: =(BA5-AZ5)*24 -> 0.91666667 | BS5: =(BC5-BB5)*24 -> 13.5 | BT5: =(BF5-BE5)*24 -> 5 | BU5: =(BJ5-BH5)*24 -> 58.666668 | BV5: =(BL5-BK5)*24 -> 6.75 | BW5: =(BO5-BN5)*24 -> 10.166667 | BX5: =SUM(BR5:BW5)/24 -> 3.9583334 | BY5: =AX5 -> 19.972222 | BZ5: =BX5/BY5 -> 0.19819194
A6: =BB6 -> 44938.34 | B6: DONE | C6: BBE | D6: STTC | E6: BoCT/MV. SOHO PRINCIPAL | G6: 44940.583 | H6: 44940.583 | I6: BBE-BoCT | J6: Completed | K6: Completed | L6: BBE-2301-002 | N6: KSA EMERALD | O6: RMN 366 | P6: BBE | Q6: =3015*2.4 -> 7236 | R6: 7500 | AN6: =R6 -> 7500 | AV6: =AY6 -> 44924.001 | AW6: =BO6 -> 44944.446 | AX6: =AW6-AV6 -> 20.445139 | AY6: 44924.001 | AZ6: 44934.812 | BA6: 44934.844 | BB6: 44938.34 | BC6: 44938.948 | BD6: 44938.979 | BE6: 44938.979 | BF6: =BE6+(5/24) -> 44939.188 | BG6: 44940.292 | BH6: 44940.458 | BI6: 44940.448 | BJ6: 44942.375 | BK6: 44943.33 | BL6: 44943.545 | BM6: 44943.559 | BN6: 44943.958 | BO6: 44944.446 | BR6: =(BA6-AZ6)*24 -> 0.75 | BS6: =(BC6-BB6)*24 -> 14.583333 | BT6: =(BF6-BE6)*24 -> 5 | BU6: =(BJ6-BH6)*24 -> 46.000001 | BV6: =(BL6-BK6)*24 -> 5.1666667 | BW6: =(BO6-BN6)*24 -> 11.7 | BX6: =SUM(BR6:BW6)/24 -> 3.4666667 | BY6: =AX6 -> 20.445139 | BZ6: =BX6/BY6 -> 0.16955946
A7: =BB7 -> 44939.052 | B7: DONE | C7: BBE | D7: STTC | E7: BoCT/MV. SOHO PRINCIPAL | G7: 44940.583 | H7: 44940.583 | I7: BBE-BoCT | J7: Completed | K7: Completed | L7: BBE-2301-003 | N7: SELERA 3 | O7: RMN 336 | P7: BBE | Q7: =3128*2.4 -> 7507.2 | R7: 7500 | AN7: =R7 -> 7500 | AV7: =AY7 -> 44936.41 | AW7: =BO7 -> 44944.375 | AX7: =AW7-AV7 -> 7.9652778 | AY7: 44936.41 | AZ7: 44938.823 | BA7: 44939.014 | BB7: 44939.052 | BC7: 44939.674 | BD7: 44939.722 | BE7: 44939.729 | BF7: =BE7+(5/24) -> 44939.938 | BG7: 44940.292 | BH7: 44940.458 | BI7: 44940.444 | BJ7: 44941.997 | BK7: 44942.75 | BL7: 44943.139 | BM7: 44943.236 | BN7: 44943.948 | BO7: 44944.375 | BR7: =(BA7-AZ7)*24 -> 4.5833333 | BS7: =(BC7-BB7)*24 -> 14.916667 | BT7: =(BF7-BE7)*24 -> 5 | BU7: =(BJ7-BH7)*24 -> 36.916668 | BV7: =(BL7-BK7)*24 -> 9.3333333 | BW7: =(BO7-BN7)*24 -> 10.25 | BX7: =SUM(BR7:BW7)/24 -> 3.3750001 | BY7: =AX7 -> 7.9652778 | BZ7: =BX7/BY7 -> 0.42371404
A8: =BB8 -> 44941.688 | B8: DONE | C8: BBE | D8: STTC | E8: MV. REX OLDENDORFF | G8: 44940.5 | H8: 44940.51 | I8: BBE-MBR | J8: Completed | K8: Completed | L8: BBE-2301-004 | N8: ATK 2010 | O8: ISA 309 | P8: BBE | Q8: =3113*2.4 -> 7471.2 | R8: 7500 | AN8: =R8 -> 7500 | AV8: =AY8 -> 44930.667 | AW8: =BO8 -> 44949.399 | AX8: =AW8-AV8 -> 18.732639 | AY8: 44930.667 | AZ8: 44939.658 | BA8: 44939.736 | BB8: 44941.688 | BC8: 44942.243 | BD8: 44942.358 | BE8: 44942.358 | BF8: =BE8+(5/24) -> 44942.566 | BG8: 44942.333 | BH8: 44942.5 | BI8: 44942.486 | BJ8: 44944.385 | BK8: 44948.49 | BL8: 44949.097 | BM8: 44949.125 | BN8: 44949.125 | BO8: 44949.399 | BR8: =(BA8-AZ8)*24 -> 1.8666667 | BS8: =(BC8-BB8)*24 -> 13.333333 | BT8: =(BF8-BE8)*24 -> 5 | BU8: =(BJ8-BH8)*24 -> 45.25 | BV8: =(BL8-BK8)*24 -> 14.583333 | BW8: =(BO8-BN8)*24 -> 6.5833333 | BX8: =SUM(BR8:BW8)/24 -> 3.6090278 | BY8: =AX8 -> 18.732639 | BZ8: =BX8/BY8 -> 0.19265987
A9: =BB9 -> 44950.844 | B9: DONE | C9: BBE | D9: TC | E9: BoCT/MV. DUTA AZZAM | G9: 44947.929 | H9: 44947.929 | I9: BBE-BoCT | J9: Completed | K9: Completed | L9: BBE-2301-005 | N9: HARMONY XVI | O9: LINTAS SAMUDERA XX | P9: BBE | Q9: =3087*2.4 -> 7408.8 | R9: 7500 | AN9: =R9 -> 7500 | AV9: =AY9 -> 44947.924 | AW9: =BO9 -> 44957.194 | AX9: =AW9-AV9 -> 9.2708333 | AY9: 44947.924 | AZ9: 44949.569 | BA9: 44949.628 | BB9: 44950.844 | BC9: 44951.406 | BD9: 44951.438 | BE9: 44951.438 | BF9: =BE9+(5/24) -> 44951.646 | BG9: 44952.25 | BH9: 44952.417 | BI9: 44952.333 | BJ9: 44953.931 | BK9: 44956.274 | BL9: 44956.616 | BM9: 44956.625 | BN9: 44956.774 | BO9: 44957.194 | BR9: =(BA9-AZ9)*24 -> 1.4166667 | BS9: =(BC9-BB9)*24 -> 13.5 | BT9: =(BF9-BE9)*24 -> 5 | BU9: =(BJ9-BH9)*24 -> 36.333333 | BV9: =(BL9-BK9)*24 -> 8.2 | BW9: =(BO9-BN9)*24 -> 10.083333 | BX9: =SUM(BR9:BW9)/24 -> 3.1055556 | BY9: =AX9 -> 9.2708333 | BZ9: =BX9/BY9 -> 0.33498127
A10: =BB10 -> 44947.549 | B10: DONE | C10: BBE | D10: TC | E10: MV. PEACE | G10: 44953.208 | H10: 44953.104 | I10: BBE-BoCT | J10: Completed | K10: Completed | L10: BBE-2301-006 | N10: BERAU COAL 30 | O10: ROBBY 303 | P10: BBE | Q10: =3137*2.4 -> 7528.8 | R10: 7500 | AN10: =R10 -> 7500 | AV10: =AY10 -> 44946.958 | AW10: =BO10 -> 44955.521 | AX10: =AW10-AV10 -> 8.5625 | AY10: 44946.958 | AZ10: 44947.375 | BA10: 44947.458 | BB10: 44947.549 | BC10: 44948.074 | BD10: 44948.281 | BE10: 44948.281 | BF10: =BE10+(15/24) -> 44948.906 | BG10: 44949.25 | BH10: 44949.417 | BI10: 44949.33 | BJ10: 44951.104 | BK10: 44954.726 | BL10: 44954.972 | BM10: 44954.986 | BN10: 44954.99 | BO10: 44955.521 | BR10: =(BA10-AZ10)*24 -> 2 | BS10: =(BC10-BB10)*24 -> 12.6 | BT10: =(BF10-BE10)*24 -> 15 | BU10: =(BJ10-BH10)*24 -> 40.5 | BV10: =(BL10-BK10)*24 -> 5.9166667 | BW10: =(BO10-BN10)*24 -> 12.75 | BX10: =SUM(BR10:BW10)/24 -> 3.6986111 | BY10: =AX10 -> 8.5625 | BZ10: =BX10/BY10 -> 0.43195458
A11: =BB11 -> 44951.726 | B11: DONE | C11: BBE | D11: STTC | E11: MV. ZHONGHAIHUARUN 1 | G11: 44952.667 | H11: 44952.694 | I11: BBE-MBR | J11: Completed | K11: Completed | L11: BBE-2301-007 | N11: KSA 46 | O11: RMN 334 | P11: BBE | Q11: =3100*2.4 -> 7440 | R11: 7500 | AN11: =R11 -> 7500 | AV11: =AY11 -> 44947.382 | AW11: =BO11 -> 44959.34 | AX11: =AW11-AV11 -> 11.958333 | AY11: 44947.382 | AZ11: 44950.58 | BA11: 44951.667 | BB11: 44951.726 | BC11: 44952.58 | BD11: 44952.601 | BE11: 44952.601 | BF11: =BE11+(5/24) -> 44952.809 | BG11: 44954.292 | BH11: 44954.458 | BI11: 44954.354 | BJ11: 44955.521 | BK11: 44958.59 | BL11: 44958.889 | BM11: 44958.91 | BN11: 44959.125 | BO11: 44959.34 | BR11: =(BA11-AZ11)*24 -> 26.083333 | BS11: =(BC11-BB11)*24 -> 20.5 | BT11: =(BF11-BE11)*24 -> 5 | BU11: =(BJ11-BH11)*24 -> 25.5 | BV11: =(BL11-BK11)*24 -> 7.1666667 | BW11: =(BO11-BN11)*24 -> 5.1666667 | BX11: =SUM(BR11:BW11)/24 -> 3.7256944 | BY11: =AX11 -> 11.958333 | BZ11: =BX11/BY11 -> 0.31155633
A12: =BB12 -> 44928.01 | B12: DONE/FIX | C12: BUNYUT | D12: STTC | E12: MV. LUMOSO PROSPER | G12: 44934.75 | H12: 44934.758 | I12: BEK-MBR | J12: Completed | K12: Completed | L12: BEK-2301-001 | N12: KENCANA LAUT | O12: CEMERLANG 9 | P12: BEK MCVLS | Q12: =3215*2.4 -> 7716 | R12: 7728.76 | W12: =R12 -> 7728.76 | AV12: =AY12 -> 44919.583 | AW12: =BO12 -> 44935.528 | AX12: =AW12-AV12 -> 15.944444 | AY12: 44919.583 | AZ12: 44923.573 | BA12: 44925.542 | BB12: 44928.01 | BC12: 44928.144 | BD12: 44928.163 | BE12: 44928.163 | BF12: =BE12+(41/24) -> 44929.872 | BG12: 44930.583 | BH12: 44930.75 | BI12: 44930.628 | BJ12: 44934.542 | BK12: 44934.792 | BL12: 44934.941 | BM12: 44934.962 | BN12: 44934.962 | BO12: 44935.528 | BR12: =(BA12-AZ12)*24 -> 47.25 | BS12: =(BC12-BB12)*24 -> 3.2166667 | BT12: =(BF12-BE12)*24 -> 41 | BU12: =(BJ12-BH12)*24 -> 91 | BV12: =(BL12-BK12)*24 -> 3.5833333 | BW12: =(BO12-BN12)*24 -> 13.583333 | BX12: =SUM(BR12:BW12)/24 -> 8.3180556 | BY12: =AX12 -> 15.944444 | BZ12: =BX12/BY12 -> 0.5216899
A13: =BB13 -> 44938.722 | B13: DONE/FIX | C13: BUNYUT | D13: STTC | E13: MV. ALIYAH PERTIWI | G13: 44944.167 | H13: 44944.133 | I13: BEK-MBR | J13: Completed | K13: Completed | L13: BEK-2301-002 | N13: KSA 52 | O13: RMN 357 | P13: BEK HCVMS | Q13: =3100*2.4 -> 7440 | R13: 7584.632 | X13: =R13 -> 7584.632 | AV13: =AY13 -> 44923.5 | AW13: =BO13 -> 44946.51 | AX13: =AW13-AV13 -> 23.010417 | AY13: 44923.5 | AZ13: 44925.812 | BA13: 44927.375 | BB13: 44938.722 | BC13: 44938.92 | BD13: 44938.924 | BE13: 44938.924 | BF13: =BE13+(41/24) -> 44940.632 | BG13: 44942.333 | BH13: 44942.5 | BI13: 44942.399 | BJ13: 44944.385 | BK13: 44945.938 | BL13: 44946.236 | BM13: 44946.264 | BN13: 44946.264 | BO13: 44946.51 | BR13: =(BA13-AZ13)*24 -> 37.5 | BS13: =(BC13-BB13)*24 -> 4.75 | BT13: =(BF13-BE13)*24 -> 41 | BU13: =(BJ13-BH13)*24 -> 45.25 | BV13: =(BL13-BK13)*24 -> 7.1666667 | BW13: =(BO13-BN13)*24 -> 5.9166667 | BX13: =SUM(BR13:BW13)/24 -> 5.8993056 | BY13: =AX13 -> 23.010417 | BZ13: =BX13/BY13 -> 0.25637543
A14: =BB14 -> 44936.625 | B14: DONE/FIX | C14: BUNYUT | D14: TC | E14: MV. KEY SONORITY | F14: MV. MEDI SERAPO | G14: 44952.438 | H14: 44952.389 | I14: BEK-BoCT | J14: Completed | K14: Completed | L14: BEK-2301-003 | N14: HARMONY XVI | O14: LINTAS SAMUDERA XX | P14: BEK MCVLS | Q14: =3087*2.4 -> 7408.8 | R14: 7500.183 | W14: =R14 -> 7500.183 | AV14: =AY14 -> 44923.979 | AW14: =BO14 -> 44947.924 | AX14: =AW14-AV14 -> 23.944444 | AY14: 44923.979 | AZ14: 44924.821 | BA14: 44926.764 | BB14: 44936.625 | BC14: 44936.764 | BD14: 44936.771 | BE14: 44936.771 | BF14: =BE14+(41/24) -> 44938.479 | BG14: 44939.292 | BH14: 44939.458 | BI14: 44939.403 | BJ14: 44941.01 | BK14: 44947.26 | BL14: 44947.493 | BM14: 44947.521 | BN14: 44947.524 | BO14: 44947.924 | BR14: =(BA14-AZ14)*24 -> 46.633333 | BS14: =(BC14-BB14)*24 -> 3.3333333 | BT14: =(BF14-BE14)*24 -> 41 | BU14: =(BJ14-BH14)*24 -> 37.25 | BV14: =(BL14-BK14)*24 -> 5.5833333 | BW14: =(BO14-BN14)*24 -> 9.5833333 | BX14: =SUM(BR14:BW14)/24 -> 5.9743056 | BY14: =AX14 -> 23.944444 | BZ14: =BX14/BY14 -> 0.24950696
A15: =BB15 -> 44936.458 | B15: DONE/FIX | C15: BUNYUT | D15: STTC | E15: MV. KEY SONORITY | F15: MV. MEDI SERAPO | G15: 44952.438 | H15: 44952.389 | I15: BEK-BoCT | J15: Completed | K15: Completed | L15: BEK-2301-004 | N15: BERAU COAL 8 | O15: ROBBY 132 | P15: BEK HCVMS | Q15: =3136*2.4 -> 7526.4 | R15: 7402.745 | X15: =R15 -> 7402.745 | AV15: =AY15 -> 44922.292 | AW15: =BO15 -> 44945.861 | AX15: =AW15-AV15 -> 23.569444 | AY15: 44922.292 | AZ15: 44924.823 | BA15: 44926.753 | BB15: 44936.458 | BC15: 44936.594 | BD15: 44936.601 | BE15: 44936.601 | BF15: =BE15+(41/24) -> 44938.309 | BG15: 44938.25 | BH15: 44938.417 | BI15: 44938.424 | BJ15: 44940.292 | BK15: 44945.115 | BL15: 44945.354 | BM15: 44945.368 | BN15: 44945.389 | BO15: 44945.861 | BR15: =(BA15-AZ15)*24 -> 46.333333 | BS15: =(BC15-BB15)*24 -> 3.25 | BT15: =(BF15-BE15)*24 -> 41 | BU15: =(BJ15-BH15)*24 -> 45 | BV15: =(BL15-BK15)*24 -> 5.75 | BW15: =(BO15-BN15)*24 -> 11.333333 | BX15: =SUM(BR15:BW15)/24 -> 6.3611111 | BY15: =AX15 -> 23.569444 | BZ15: =BX15/BY15 -> 0.26988804
A16: =BB16 -> 44936.226 | B16: DONE/FIX | C16: BUNYUT | D16: STTC | E16: MV. KEY SONORITY | F16: MV. MEDI SERAPO | G16: 44952.438 | H16: 44952.389 | I16: BEK-BoCT | J16: Completed | K16: Completed | L16: BEK-2301-005 | N16: HARMONY VII | O16: LINTAS SAMUDERA 89 | P16: BEK HCVMS | Q16: =3139*2.4 -> 7533.6 | R16: 7459.991 | X16: =R16 -> 7459.991 | AV16: =AY16 -> 44923.625 | AW16: =BO16 -> 44946.347 | AX16: =AW16-AV16 -> 22.722222 | AY16: 44923.625 | AZ16: 44924.813 | BA16: 44926.75 | BB16: 44936.226 | BC16: 44936.427 | BD16: 44936.434 | BE16: 44936.434 | BF16: =BE16+(41/24) -> 44938.142 | BG16: 44938.25 | BH16: 44938.417 | BI16: 44938.299 | BJ16: 44940.375 | BK16: 44945.451 | BL16: 44945.681 | BM16: 44945.691 | BN16: 44945.694 | BO16: 44946.347 | BR16: =(BA16-AZ16)*24 -> 46.483333 | BS16: =(BC16-BB16)*24 -> 4.8333333 | BT16: =(BF16-BE16)*24 -> 41 | BU16: =(BJ16-BH16)*24 -> 47 | BV16: =(BL16-BK16)*24 -> 5.5 | BW16: =(BO16-BN16)*24 -> 15.666667 | BX16: =SUM(BR16:BW16)/24 -> 6.6868056 | BY16: =AX16 -> 22.722222 | BZ16: =BX16/BY16 -> 0.29428484
A17: =BB17 -> 44935.878 | B17: DONE/FIX | C17: BUNYUT | D17: TC | E17: MV. KEY SONORITY | F17: MV. MEDI SERAPO | G17: 44952.438 | H17: 44952.389 | I17: BEK-BoCT | J17: Completed | K17: Completed | L17: BEK-2301-006 | N17: GHITHA 01 | O17: GSN 01 | P17: BEK HCVMS | Q17: =3107*2.4 -> 7456.8 | R17: 7523.656 | X17: =R17 -> 7523.656 | AV17: =AY17 -> 44923.667 | AW17: =BO17 -> 44947.448 | AX17: =AW17-AV17 -> 23.78125 | AY17: 44923.667 | AZ17: 44924.573 | BA17: 44926.198 | BB17: 44935.878 | BC17: 44936.015 | BD17: 44936.021 | BE17: 44936.028 | BF17: =BE17+(41/24) -> 44937.736 | BG17: 44938.25 | BH17: 44938.417 | BI17: 44938.323 | BJ17: 44940.25 | BK17: 44945.427 | BL17: 44946.938 | BM17: 44946.965 | BN17: 44946.969 | BO17: 44947.448 | BR17: =(BA17-AZ17)*24 -> 39 | BS17: =(BC17-BB17)*24 -> 3.2666667 | BT17: =(BF17-BE17)*24 -> 41 | BU17: =(BJ17-BH17)*24 -> 44 | BV17: =(BL17-BK17)*24 -> 36.25 | BW17: =(BO17-BN17)*24 -> 11.5 | BX17: =SUM(BR17:BW17)/24 -> 7.2923611 | BY17: =AX17 -> 23.78125 | BZ17: =BX17/BY17 -> 0.30664331
A18: =BB18 -> 44936.05 | B18: DONE/FIX | C18: BUNYUT | D18: STTC | E18: MV. KEY SONORITY | F18: MV. MEDI SERAPO | G18: 44952.438 | H18: 44952.389 | I18: BEK-BoCT | J18: Completed | K18: Completed | L18: BEK-2301-007 | N18: KSA 99 | O18: ARMADA KALTIM 3003 | P18: BEK HCVMS | Q18: =3047*2.4 -> 7312.8 | R18: 7400.037 | X18: =R18 -> 7400.037 | AV18: =AY18 -> 44924.09 | AW18: =BO18 -> 44948.812 | AX18: =AW18-AV18 -> 24.722222 | AY18: 44924.09 | AZ18: 44924.861 | BA18: 44926.611 | BB18: 44936.05 | BC18: 44936.215 | BD18: 44936.215 | BE18: 44936.215 | BF18: =BE18+(41/24) -> 44937.924 | BG18: 44939.292 | BH18: 44939.458 | BI18: 44939.372 | BJ18: 44941.083 | BK18: 44947.91 | BL18: 44948.17 | BM18: 44948.24 | BN18: 44948.243 | BO18: 44948.812 | BR18: =(BA18-AZ18)*24 -> 42 | BS18: =(BC18-BB18)*24 -> 3.9666667 | BT18: =(BF18-BE18)*24 -> 41 | BU18: =(BJ18-BH18)*24 -> 39 | BV18: =(BL18-BK18)*24 -> 6.25 | BW18: =(BO18-BN18)*24 -> 13.666667 | BX18: =SUM(BR18:BW18)/24 -> 6.0784722 | BY18: =AX18 -> 24.722222 | BZ18: =BX18/BY18 -> 0.24587079
A19: =BB19 -> 44938.038 | B19: DONE/FIX | C19: BUNYUT | D19: STTC | E19: MV. ALIYAH PERTIWI | G19: 44944.167 | H19: 44944.133 | I19: BEK-MBR | J19: Completed | K19: Completed | L19: BEK-2301-008 | N19: BERAU COAL 9 | O19: ROBBY 337 | P19: BEK HCVMS | Q19: =3139*2.4 -> 7533.6 | R19: 7584.407 | X19: =R19 -> 7584.407 | AV19: =AY19 -> 44923.583 | AW19: =BO19 -> 44946.309 | AX19: =AW19-AV19 -> 22.725694 | AY19: 44923.583 | AZ19: 44925.576 | BA19: 44927.278 | BB19: 44938.038 | BC19: 44938.171 | BD19: 44938.188 | BE19: 44938.188 | BF19: =BE19+(41/24) -> 44939.896 | BG19: 44941.333 | BH19: 44941.5 | BI19: 44941.483 | BJ19: 44944.354 | BK19: 44945.542 | BL19: 44945.868 | BM19: 44945.896 | BN19: 44946.062 | BO19: 44946.309 | BR19: =(BA19-AZ19)*24 -> 40.833333 | BS19: =(BC19-BB19)*24 -> 3.1833333 | BT19: =(BF19-BE19)*24 -> 41 | BU19: =(BJ19-BH19)*24 -> 68.5 | BV19: =(BL19-BK19)*24 -> 7.8333333 | BW19: =(BO19-BN19)*24 -> 5.9166667 | BX19: =SUM(BR19:BW19)/24 -> 6.9694444 | BY19: =AX19 -> 22.725694 | BZ19: =BX19/BY19 -> 0.30667685
A20: =BB20 -> 44939.337 | B20: DONE/FIX | C20: BUNYUT | D20: STTC | E20: MV. ALIYAH PERTIWI | G20: 44944.167 | H20: 44944.133 | I20: BEK-MBR | J20: Completed | K20: Completed | L20: BEK-2301-009 | N20: PIONEER II | O20: RMN 351 | P20: BEK HCVMS | Q20: =3107*2.4 -> 7456.8 | R20: 7562.599 | X20: =R20 -> 7562.599 | AV20: =AY20 -> 44924.493 | AW20: =BO20 -> 44947.378 | AX20: =AW20-AV20 -> 22.885417 | AY20: 44924.493 | AZ20: 44926.622 | BA20: 44928.5 | BB20: 44939.337 | BC20: 44939.524 | BD20: 44939.528 | BE20: 44939.528 | BF20: =BE20+(41/24) -> 44941.236 | BG20: 44941.333 | BH20: 44941.5 | BI20: 44941.354 | BJ20: 44944.375 | BK20: 44946.688 | BL20: 44946.875 | BM20: 44946.889 | BN20: 44947.188 | BO20: 44947.378 | BR20: =(BA20-AZ20)*24 -> 45.083333 | BS20: =(BC20-BB20)*24 -> 4.5 | BT20: =(BF20-BE20)*24 -> 41 | BU20: =(BJ20-BH20)*24 -> 69 | BV20: =(BL20-BK20)*24 -> 4.5 | BW20: =(BO20-BN20)*24 -> 4.5833333 | BX20: =SUM(BR20:BW20)/24 -> 7.0277778 | BY20: =AX20 -> 22.885417 | BZ20: =BX20/BY20 -> 0.30708542
A21: =BB21 -> 44937.677 | B21: DONE/FIX | C21: BUNYUT | D21: STTC | E21: BoCT/MV. KARTINI SAMUDERA | G21: 44943.167 | H21: 44943.167 | I21: BEK-BoCT | J21: Completed | K21: Completed | L21: BEK-2301-010 | N21: BERAU COAL 26 | O21: ROBBY 136 | P21: BEK BLEND LS & MS | Q21: =3136*2.4 -> 7526.4 | R21: 7557.332 | W21: =R21*0.65 -> 4912.2658 | X21: =R21*0.35 -> 2645.0662 | AV21: =AY21 -> 44924.535 | AW21: =BO21 -> 44944.625 | AX21: =AW21-AV21 -> 20.090278 | AY21: 44924.535 | AZ21: 44925.583 | BA21: 44927.021 | BB21: 44937.677 | BC21: 44937.843 | BD21: 44937.854 | BE21: 44937.854 | BF21: =BE21+(41/24) -> 44939.562 | BG21: 44939.292 | BH21: 44939.458 | BI21: 44939.469 | BJ21: 44941.149 | BK21: 44943.972 | BL21: 44944.184 | BM21: 44944.222 | BN21: 44944.226 | BO21: 44944.625 | BR21: =(BA21-AZ21)*24 -> 34.5 | BS21: =(BC21-BB21)*24 -> 3.9833333 | BT21: =(BF21-BE21)*24 -> 41 | BU21: =(BJ21-BH21)*24 -> 40.583333 | BV21: =(BL21-BK21)*24 -> 5.0833333 | BW21: =(BO21-BN21)*24 -> 9.5833333 | BX21: =SUM(BR21:BW21)/24 -> 5.6138889 | BY21: =AX21 -> 20.090278 | BZ21: =BX21/BY21 -> 0.27943311
A22: =BB22 -> 44938.215 | B22: DONE/FIX | C22: BUNYUT | D22: STTC | E22: MV. ALIYAH PERTIWI | G22: 44944.167 | H22: 44944.133 | I22: BEK-MBR | J22: Completed | K22: Completed | L22: BEK-2301-011 | N22: KSA 129 | O22: RMN 329 | P22: BEK HCVMS | Q22: =3142*2.4 -> 7540.8 | R22: 7441.524 | X22: =R22 -> 7441.524 | AV22: =AY22 -> 44924.16 | AW22: =BO22 -> 44946.938 | AX22: =AW22-AV22 -> 22.777778 | AY22: 44924.16 | AZ22: 44925.552 | BA22: 44927.344 | BB22: 44938.215 | BC22: 44938.486 | BD22: 44938.49 | BE22: 44938.49 | BF22: =BE22+(41/24) -> 44940.198 | BG22: 44940.292 | BH22: 44940.458 | BI22: 44940.392 | BJ22: 44944.389 | BK22: 44946.312 | BL22: 44946.646 | BM22: 44946.667 | BN22: 44946.667 | BO22: 44946.938 | BR22: =(BA22-AZ22)*24 -> 43 | BS22: =(BC22-BB22)*24 -> 6.5 | BT22: =(BF22-BE22)*24 -> 41 | BU22: =(BJ22-BH22)*24 -> 94.333335 | BV22: =(BL22-BK22)*24 -> 8 | BW22: =(BO22-BN22)*24 -> 6.5 | BX22: =SUM(BR22:BW22)/24 -> 8.3055556 | BY22: =AX22 -> 22.777778 | BZ22: =BX22/BY22 -> 0.36463415
A23: =BB23 -> 44938.517 | B23: DONE/FIX | C23: BUNYUT | D23: STTC | E23: MV. ALIYAH PERTIWI | G23: 44944.167 | H23: 44944.133 | I23: BEK-MBR | J23: Completed | K23: Completed | L23: BEK-2301-012 | N23: KSA 46 | O23: RMN 334 | P23: BEK HCVMS | Q23: =3100*2.4 -> 7440 | R23: 7458.416 | X23: =R23 -> 7458.416 | AV23: =AY23 -> 44924.653 | AW23: =BO23 -> 44947.382 | AX23: =AW23-AV23 -> 22.729167 | AY23: 44924.653 | AZ23: 44925.67 | BA23: 44927.351 | BB23: 44938.517 | BC23: 44938.691 | BD23: 44938.694 | BE23: 44938.694 | BF23: =BE23+(41/24) -> 44940.403 | BG23: 44940.292 | BH23: 44940.458 | BI23: 44940.365 | BJ23: 44944.382 | BK23: 44946.917 | BL23: 44947.104 | BM23: 44947.118 | BN23: 44947.118 | BO23: 44947.382 | BR23: =(BA23-AZ23)*24 -> 40.333333 | BS23: =(BC23-BB23)*24 -> 4.1666667 | BT23: =(BF23-BE23)*24 -> 41 | BU23: =(BJ23-BH23)*24 -> 94.166668 | BV23: =(BL23-BK23)*24 -> 4.5 | BW23: =(BO23-BN23)*24 -> 6.3333333 | BX23: =SUM(BR23:BW23)/24 -> 7.9375001 | BY23: =AX23 -> 22.729167 | BZ23: =BX23/BY23 -> 0.3492209
A24: =BB24 -> 44939.552 | B24: DONE/FIX | C24: BUNYUT | D24: TC | E24: MV. ALIYAH PERTIWI | G24: 44944.167 | H24: 44944.133 | I24: BEK-MBR | J24: Completed | K24: Completed | L24: BEK-2301-013 | N24: TEMAN SEJATI II | O24: ROBBY 106 | P24: BEK HCVMS | Q24: =3852*2.4 -> 9244.8 | R24: 9008.343 | X24: =R24 -> 9008.343 | AV24: =AY24 -> 44925.514 | AW24: =BO24 -> 44948.219 | AX24: =AW24-AV24 -> 22.704861 | AY24: 44925.514 | AZ24: 44927.399 | BA24: 44929.139 | BB24: 44939.552 | BC24: 44939.722 | BD24: 44939.726 | BE24: 44939.726 | BF24: =BE24+(41/24) -> 44941.434 | BG24: 44941.333 | BH24: 44941.5 | BI24: 44941.431 | BJ24: 44944.424 | BK24: 44947.139 | BL24: 44947.847 | BM24: 44947.861 | BN24: 44947.861 | BO24: 44948.219 | BR24: =(BA24-AZ24)*24 -> 41.75 | BS24: =(BC24-BB24)*24 -> 4.0833333 | BT24: =(BF24-BE24)*24 -> 41 | BU24: =(BJ24-BH24)*24 -> 70.166667 | BV24: =(BL24-BK24)*24 -> 17 | BW24: =(BO24-BN24)*24 -> 8.5833333 | BX24: =SUM(BR24:BW24)/24 -> 7.6076389 | BY24: =AX24 -> 22.704861 | BZ24: =BX24/BY24 -> 0.33506652
A25: =BB25 -> 44937.881 | B25: DONE/FIX | C25: BUNYUT | D25: TC | E25: BoCT/MV. KARTINI SAMUDERA | G25: 44943.167 | H25: 44943.167 | I25: BEK-BoCT | J25: Completed | K25: Completed | L25: BEK-2301-014 | N25: KINGFISHER 909 | O25: ASIA BAY 107 | P25: BEK BLEND LS & MS | Q25: =3097*2.4 -> 7432.8 | R25: 7598.954 | W25: =R25*0.65 -> 4939.3201 | X25: =R25*0.35 -> 2659.6339 | AV25: =AY25 -> 44924.736 | AW25: =BO25 -> 44945.469 | AX25: =AW25-AV25 -> 20.732639 | AY25: 44924.736 | AZ25: 44925.569 | BA25: 44927.163 | BB25: 44937.881 | BC25: 44938.007 | BD25: 44938.01 | BE25: 44938.25 | BF25: =BE25+(41/24) -> 44939.958 | BG25: 44940.292 | BH25: 44940.458 | BI25: 44940.337 | BJ25: 44941.688 | BK25: 44944.33 | BL25: 44944.684 | BM25: 44944.694 | BN25: 44945.017 | BO25: 44945.469 | BR25: =(BA25-AZ25)*24 -> 38.25 | BS25: =(BC25-BB25)*24 -> 3.0166667 | BT25: =(BF25-BE25)*24 -> 41 | BU25: =(BJ25-BH25)*24 -> 29.500001 | BV25: =(BL25-BK25)*24 -> 8.5 | BW25: =(BO25-BN25)*24 -> 10.833333 | BX25: =SUM(BR25:BW25)/24 -> 5.4625001 | BY25: =AX25 -> 20.732639 | BZ25: =BX25/BY25 -> 0.26347346
A26: =BB26 -> 44939.11 | B26: DONE/FIX | C26: BUNYUT | D26: STTC | E26: MV. ALIYAH PERTIWI | G26: 44944.167 | H26: 44944.133 | I26: BEK-MBR | J26: Completed | K26: Completed | L26: BEK-2301-015 | N26: DELTA AYU 268 | O26: KALIMANTAN ABADI 02 | P26: BEK HCVMS | Q26: =3117*2.4 -> 7480.8 | R26: 7265.018 | X26: =R26 -> 7265.018 | AV26: =AY26 -> 44925.729 | AW26: =BO26 -> 44945.708 | AX26: =AW26-AV26 -> 19.979167 | AY26: 44925.729 | AZ26: 44926.611 | BA26: 44928.108 | BB26: 44939.11 | BC26: 44939.25 | BD26: 44939.257 | BE26: 44939.257 | BF26: =BE26+(41/24) -> 44940.965 | BG26: 44941.333 | BH26: 44941.5 | BI26: 44941.42 | BJ26: 44944.233 | BK26: 44945.076 | BL26: 44945.486 | BM26: 44945.507 | BN26: 44945.507 | BO26: 44945.708 | BR26: =(BA26-AZ26)*24 -> 35.916667 | BS26: =(BC26-BB26)*24 -> 3.3666667 | BT26: =(BF26-BE26)*24 -> 41 | BU26: =(BJ26-BH26)*24 -> 65.583333 | BV26: =(BL26-BK26)*24 -> 9.8333333 | BW26: =(BO26-BN26)*24 -> 4.8333333 | BX26: =SUM(BR26:BW26)/24 -> 6.6888889 | BY26: =AX26 -> 19.979167 | BZ26: =BX26/BY26 -> 0.33479319
A27: =BB27 -> 44938.951 | B27: DONE/FIX | C27: BUNYUT | D27: STTC | E27: MV. ALIYAH PERTIWI | G27: 44944.167 | H27: 44944.133 | I27: BEK-MBR | J27: Completed | K27: Completed | L27: BEK-2301-016 | N27: KALTIM DOLPHIN 17 - 06 | O27: KALTIM FT 80 - 03 | P27: BEK HCVMS | Q27: =3102*2.4 -> 7444.8 | R27: =7340.753-4245.692 -> 3095.061 | X27: =R27 -> 3095.061 | AV27: =AY27 -> 44922.507 | AW27: =BO27 -> 44947.986 | AX27: =AW27-AV27 -> 25.479167 | AY27: 44922.507 | AZ27: 44925.622 | BA27: 44927.743 | BB27: 44938.951 | BC27: 44939.081 | BD27: 44939.087 | BE27: 44939.087 | BF27: =BE27+(41/24) -> 44940.795 | BG27: 44943.5 | BH27: 44943.667 | BI27: 44943.559 | BJ27: 44946.125 | BK27: 44947.882 | BL27: 44947.938 | BM27: 44947.986 | BN27: 44947.986 | BO27: 44947.986 | BR27: =(BA27-AZ27)*24 -> 50.916667 | BS27: =(BC27-BB27)*24 -> 3.1166667 | BT27: =(BF27-BE27)*24 -> 41 | BU27: =(BJ27-BH27)*24 -> 59 | BV27: =(BL27-BK27)*24 -> 1.3333333 | BW27: =(BO27-BN27)*24 -> 0 | BX27: =SUM(BR27:BW27)/24 -> 6.4736111 | BY27: =AX27 -> 25.479167 | BZ27: =BX27/BY27 -> 0.25407468
A28: =BB28 -> 44938.951 | B28: DONE/FIX | C28: BUNYUT | D28: STTC | E28: MV. REX OLDENDORFF | G28: 44940.5 | H28: 44940.51 | I28: BEK-MBR | J28: Completed | K28: Completed | L28: BEK-2301-016 | N28: KALTIM DOLPHIN 17 - 06 | O28: KALTIM FT 80 - 03 | P28: BEK HCVMS | Q28: =3102*2.4 -> 7444.8 | R28: =5117 -> 5117 | X28: =R28 -> 5117 | AV28: =AY28 -> 44922.507 | AW28: =BO28 -> 44950.889 | AX28: =AW28-AV28 -> 28.381944 | AY28: 44922.507 | AZ28: 44925.622 | BA28: 44927.743 | BB28: 44938.951 | BC28: 44939.081 | BD28: 44939.087 | BE28: 44939.087 | BF28: =BE28+(41/24) -> 44940.795 | BG28: 44943.5 | BH28: 44943.667 | BI28: 44943.559 | BJ28: 44947.986 | BK28: 44950.278 | BL28: 44950.51 | BM28: 44950.528 | BN28: 44950.722 | BO28: 44950.889 | BR28: =(BA28-AZ28)*24 -> 50.916667 | BS28: =(BC28-BB28)*24 -> 3.1166667 | BT28: =(BF28-BE28)*24 -> 41 | BU28: =(BJ28-BH28)*24 -> 103.66667 | BV28: =(BL28-BK28)*24 -> 5.5833333 | BW28: =(BO28-BN28)*24 -> 4 | BX28: =SUM(BR28:BW28)/24 -> 8.6784722 | BY28: =AX28 -> 28.381944 | BZ28: =BX28/BY28 -> 0.30577441
A29: =BB29 -> 44940.104 | B29: DONE/FIX | C29: BUNYUT | D29: TC | E29: MV. REX OLDENDORFF | G29: 44940.5 | H29: 44940.51 | I29: BEK-MBR | J29: Completed | K29: Completed | L29: BEK-2301-017 | N29: BLORO 10 | O29: ROBBY 116 | P29: BEK MCVLS | Q29: =3852*2.4 -> 9244.8 | R29: 8902.11 | W29: =R29 -> 8902.11 | AV29: =AY29 -> 44924.16 | AW29: =BO29 -> 44947.493 | AX29: =AW29-AV29 -> 23.333333 | AY29: 44924.16 | AZ29: 44928.385 | BA29: 44938.792 | BB29: 44940.104 | BC29: 44940.406 | BD29: 44940.41 | BE29: 44940.41 | BF29: =BE29+(41/24) -> 44942.118 | BG29: 44942.333 | BH29: 44942.5 | BI29: 44942.406 | BJ29: 44944.361 | BK29: 44946.799 | BL29: 44947.104 | BM29: 44947.111 | BN29: 44947.111 | BO29: 44947.493 | BP29: Instruction to POL on 11 Jan | BR29: =(BA29-AZ29)*24 -> 249.75 | BS29: =(BC29-BB29)*24 -> 7.25 | BT29: =(BF29-BE29)*24 -> 41 | BU29: =(BJ29-BH29)*24 -> 44.666667 | BV29: =(BL29-BK29)*24 -> 7.3333333 | BW29: =(BO29-BN29)*24 -> 9.1666667 | BX29: =SUM(BR29:BW29)/24 -> 14.965278 | BY29: =AX29 -> 23.333333 | BZ29: =BX29/BY29 -> 0.64136905
A30: =BB30 -> 44942.462 | B30: DONE/FIX | C30: BUNYUT | D30: TC | E30: MV. REX OLDENDORFF | G30: 44940.5 | H30: 44940.51 | I30: BEK-MBR | J30: Completed | K30: Completed | L30: BEK-2301-018 | N30: GONAYA | O30: MASADA 14 | P30: BEK MCVLS | Q30: =3107*2.4 -> 7456.8 | R30: 7426.971 | W30: =R30 -> 7426.971 | AV30: =AY30 -> 44929.312 | AW30: =BO30 -> 44952 | AX30: =AW30-AV30 -> 22.6875 | AY30: 44929.312 | AZ30: 44938.556 | BA30: 44939.833 | BB30: 44942.462 | BC30: 44942.59 | BD30: 44942.601 | BE30: 44942.601 | BF30: =BE30+(41/24) -> 44944.309 | BG30: 44944.5 | BH30: 44944.667 | BI30: 44944.625 | BJ30: 44945.708 | BK30: 44950.875 | BL30: 44951.188 | BM30: 44951.271 | BN30: 44951.271 | BO30: 44952 | BP30: Instruction to POL on 12 Jan | BR30: =(BA30-AZ30)*24 -> 30.666667 | BS30: =(BC30-BB30)*24 -> 3.0833333 | BT30: =(BF30-BE30)*24 -> 41 | BU30: =(BJ30-BH30)*24 -> 25 | BV30: =(BL30-BK30)*24 -> 7.5 | BW30: =(BO30-BN30)*24 -> 17.5 | BX30: =SUM(BR30:BW30)/24 -> 5.1979167 | BY30: =AX30 -> 22.6875 | BZ30: =BX30/BY30 -> 0.22910927
A31: =BB31 -> 44940.434 | B31: DONE/FIX | C31: BUNYUT | D31: STTC | E31: MV. REX OLDENDORFF | G31: 44940.5 | H31: 44940.51 | I31: BEK-MBR | J31: Completed | K31: Completed | L31: BEK-2301-019 | N31: KSA 44 | O31: RMN 343 | P31: BEK HCVMS | Q31: =3142*2.4 -> 7540.8 | R31: 7470.787 | X31: =R31 -> 7470.787 | AV31: =AY31 -> 44926.038 | AW31: =BO31 -> 44947.792 | AX31: =AW31-AV31 -> 21.753472 | AY31: 44926.038 | AZ31: 44937.597 | BA31: 44939.229 | BB31: 44940.434 | BC31: 44940.583 | BD31: 44940.587 | BE31: 44940.587 | BF31: =BE31+(41/24) -> 44942.295 | BG31: 44942.333 | BH31: 44942.5 | BI31: 44942.483 | BJ31: 44944.396 | BK31: 44947.146 | BL31: 44947.396 | BM31: 44947.41 | BN31: 44947.625 | BO31: 44947.792 | BP31: Instruction to POL on 11 Jan | BR31: =(BA31-AZ31)*24 -> 39.166667 | BS31: =(BC31-BB31)*24 -> 3.5833333 | BT31: =(BF31-BE31)*24 -> 41 | BU31: =(BJ31-BH31)*24 -> 45.5 | BV31: =(BL31-BK31)*24 -> 6 | BW31: =(BO31-BN31)*24 -> 4 | BX31: =SUM(BR31:BW31)/24 -> 5.8020833 | BY31: =AX31 -> 21.753472 | BZ31: =BX31/BY31 -> 0.26671987
A32: =BB32 -> 44941.333 | B32: DONE/FIX | C32: BUNYUT | D32: STTC | E32: MV. REX OLDENDORFF | G32: 44940.5 | H32: 44940.51 | I32: BEK-MBR | J32: Completed | K32: Completed | L32: BEK-2301-020 | N32: KINGSTON 626 | O32: ASIA TRANS 310 | P32: BEK MCVLS | Q32: =4118*2.4 -> 9883.2 | R32: 8805.677 | W32: =R32 -> 8805.677 | AV32: =AY32 -> 44926.059 | AW32: =BO32 -> 44948.766 | AX32: =AW32-AV32 -> 22.706944 | AY32: 44926.059 | AZ32: 44937.611 | BA32: 44939.236 | BB32: 44941.333 | BC32: 44941.507 | BD32: 44941.583 | BE32: 44941.583 | BF32: =BE32+(41/24) -> 44943.292 | BG32: 44943.5 | BH32: 44943.667 | BI32: 44943.604 | BJ32: 44944.646 | BK32: 44948.139 | BL32: 44948.427 | BM32: 44948.448 | BN32: 44948.448 | BO32: 44948.766 | BP32: Instruction to POL on 11 Jan | BR32: =(BA32-AZ32)*24 -> 39 | BS32: =(BC32-BB32)*24 -> 4.1666667 | BT32: =(BF32-BE32)*24 -> 41 | BU32: =(BJ32-BH32)*24 -> 23.5 | BV32: =(BL32-BK32)*24 -> 6.9166667 | BW32: =(BO32-BN32)*24 -> 7.6333333 | BX32: =SUM(BR32:BW32)/24 -> 5.0923611 | BY32: =AX32 -> 22.706944 | BZ32: =BX32/BY32 -> 0.22426448
A33: =BB33 -> 44939.755 | B33: DONE/FIX | C33: BUNYUT | D33: STTC | E33: MV. REX OLDENDORFF | G33: 44940.5 | H33: 44940.51 | I33: BEK-MBR | J33: Completed | K33: Completed | L33: BEK-2301-021 | N33: KSA 120 | O33: RMN 3305 | P33: BEK MCVLS | Q33: =4337*2.4 -> 10408.8 | R33: 10408.395 | W33: =R33 -> 10408.395 | AV33: =AY33 -> 44926.163 | AW33: =BO33 -> 44948.378 | AX33: =AW33-AV33 -> 22.215278 | AY33: 44926.163 | AZ33: 44936.795 | BA33: 44938.26 | BB33: 44939.755 | BC33: 44940.062 | BD33: 44940.066 | BE33: 44940.292 | BF33: =BE33+(41/24) -> 44942 | BG33: 44942.333 | BH33: 44942.5 | BI33: 44942.438 | BJ33: 44944.108 | BK33: 44947.684 | BL33: 44948.094 | BM33: 44948.115 | BN33: 44948.115 | BO33: 44948.378 | BP33: Instruction to POL on 11 Jan | BR33: =(BA33-AZ33)*24 -> 35.166667 | BS33: =(BC33-BB33)*24 -> 7.3833333 | BT33: =(BF33-BE33)*24 -> 41 | BU33: =(BJ33-BH33)*24 -> 38.583333 | BV33: =(BL33-BK33)*24 -> 9.8333333 | BW33: =(BO33-BN33)*24 -> 6.3333333 | BX33: =SUM(BR33:BW33)/24 -> 5.7625 | BY33: =AX33 -> 22.215278 | BZ33: =BX33/BY33 -> 0.25939356
A34: =BB34 -> 44941.615 | B34: DONE/FIX | C34: BUNYUT | D34: TC | E34: MV. REX OLDENDORFF | G34: 44940.5 | H34: 44940.51 | I34: BEK-MBR | J34: Completed | K34: Completed | L34: BEK-2301-022 | N34: VES FAIR 10 | O34: ROBBY 104 | P34: BEK HCVMS | Q34: =3852*2.4 -> 9244.8 | R34: 8601.756 | X34: =R34 -> 8601.756 | AV34: =AY34 -> 44926.399 | AW34: =BO34 -> 44949.826 | AX34: =AW34-AV34 -> 23.427083 | AY34: 44926.399 | AZ34: 44929.833 | BA34: 44939.302 | BB34: 44941.615 | BC34: 44941.765 | BD34: 44941.767 | BE34: 44941.767 | BF34: =BE34+(41/24) -> 44943.476 | BG34: 44943.5 | BH34: 44943.667 | BI34: 44943.618 | BJ34: 44944.729 | BK34: 44949.167 | BL34: 44949.458 | BM34: 44949.472 | BN34: 44949.625 | BO34: 44949.826 | BP34: Instruction to POL on 12 Jan | BR34: =(BA34-AZ34)*24 -> 227.25 | BS34: =(BC34-BB34)*24 -> 3.6166667 | BT34: =(BF34-BE34)*24 -> 41 | BU34: =(BJ34-BH34)*24 -> 25.5 | BV34: =(BL34-BK34)*24 -> 7 | BW34: =(BO34-BN34)*24 -> 4.8333333 | BX34: =SUM(BR34:BW34)/24 -> 12.883333 | BY34: =AX34 -> 23.427083 | BZ34: =BX34/BY34 -> 0.5499333
A35: =BB35 -> 44942.14 | B35: DONE/FIX | C35: BUNYUT | D35: STTC | E35: MV. REX OLDENDORFF | G35: 44940.5 | H35: 44940.51 | I35: BEK-MBR | J35: Completed | K35: Completed | L35: BEK-2301-023 | N35: FERY XXI | O35: MASADA 10 | P35: BEK MCVLS | Q35: =3107*2.4 -> 7456.8 | R35: 7401.009 | W35: =R35 -> 7401.009 | AV35: =AY35 -> 44927.278 | AW35: =BO35 -> 44951.271 | AX35: =AW35-AV35 -> 23.993056 | AY35: 44927.278 | AZ35: 44938.542 | BA35: 44939.812 | BB35: 44942.14 | BC35: 44942.417 | BD35: 44942.438 | BE35: 44942.438 | BF35: =BE35+(41/24) -> 44944.146 | BG35: 44944.5 | BH35: 44944.667 | BI35: 44944.632 | BJ35: 44945.75 | BK35: 44950.278 | BL35: 44950.51 | BM35: 44950.861 | BN35: 44950.861 | BO35: 44951.271 | BP35: Instruction to POL on 12 Jan | BR35: =(BA35-AZ35)*24 -> 30.5 | BS35: =(BC35-BB35)*24 -> 6.6333333 | BT35: =(BF35-BE35)*24 -> 41 | BU35: =(BJ35-BH35)*24 -> 26 | BV35: =(BL35-BK35)*24 -> 5.5833333 | BW35: =(BO35-BN35)*24 -> 9.8333333 | BX35: =SUM(BR35:BW35)/24 -> 4.98125 | BY35: =AX35 -> 23.993056 | BZ35: =BX35/BY35 -> 0.20761216
A36: =BB36 -> 44941.963 | B36: DONE/FIX | C36: BUNYUT | D36: STTC | E36: MV. REX OLDENDORFF | G36: 44940.5 | H36: 44940.51 | I36: BEK-MBR | J36: Completed | K36: Completed | L36: BEK-2301-024 | N36: ARMADA TIMUR 03 | O36: LINTAS SAMUDERA 95 | P36: BEK HCVMS | Q36: =3170*2.4 -> 7608 | R36: 7453.481 | X36: =R36 -> 7453.481 | AV36: =AY36 -> 44927.701 | AW36: =BO36 -> 44950.575 | AX36: =AW36-AV36 -> 22.873611 | AY36: 44927.701 | AZ36: 44930.851 | BA36: 44939.444 | BB36: 44941.963 | BC36: 44942.108 | BD36: 44942.118 | BE36: 44942.25 | BF36: =BE36+(41/24) -> 44943.958 | BG36: 44944.5 | BH36: 44944.667 | BI36: 44944.587 | BJ36: 44945.753 | BK36: 44949.931 | BL36: 44950.167 | BM36: 44950.184 | BN36: 44950.184 | BO36: 44950.575 | BP36: Instruction to POL on 12 Jan | BR36: =(BA36-AZ36)*24 -> 206.25 | BS36: =(BC36-BB36)*24 -> 3.4666667 | BT36: =(BF36-BE36)*24 -> 41 | BU36: =(BJ36-BH36)*24 -> 26.083333 | BV36: =(BL36-BK36)*24 -> 5.6666667 | BW36: =(BO36-BN36)*24 -> 9.3833333 | BX36: =SUM(BR36:BW36)/24 -> 12.160417 | BY36: =AX36 -> 22.873611 | BZ36: =BX36/BY36 -> 0.53163519
A37: =BB37 -> 44941.802 | B37: DONE/FIX | C37: BUNYUT | D37: STTC | E37: MV. REX OLDENDORFF | G37: 44940.5 | H37: 44940.51 | I37: BEK-MBR | J37: Completed | K37: Completed | L37: BEK-2301-025 | N37: LINTAS SAMUDERA 31 | O37: LINTAS SAMUDERA XVIII | P37: BEK MCVLS | Q37: =3128*2.4 -> 7507.2 | R37: 7519.538 | W37: =R37 -> 7519.538 | AV37: =AY37 -> 44927.76 | AW37: =BO37 -> 44949.542 | AX37: =AW37-AV37 -> 21.78125 | AY37: 44927.76 | AZ37: 44929.83 | BA37: 44939.365 | BB37: 44941.802 | BC37: 44941.931 | BD37: 44941.938 | BE37: 44942.25 | BF37: =BE37+(41/24) -> 44943.958 | BG37: 44944.5 | BH37: 44944.667 | BI37: 44944.597 | BJ37: 44945.736 | BK37: 44948.49 | BL37: 44949.097 | BM37: 44949.115 | BN37: 44949.115 | BO37: 44949.542 | BP37: Instruction to POL on 12 Jan | BR37: =(BA37-AZ37)*24 -> 228.83333 | BS37: =(BC37-BB37)*24 -> 3.0833333 | BT37: =(BF37-BE37)*24 -> 41 | BU37: =(BJ37-BH37)*24 -> 25.666667 | BV37: =(BL37-BK37)*24 -> 14.583333 | BW37: =(BO37-BN37)*24 -> 10.25 | BX37: =SUM(BR37:BW37)/24 -> 13.475694 | BY37: =AX37 -> 21.78125 | BZ37: =BX37/BY37 -> 0.61868325
D38: STTC | J38: DOCKING | L38: BEK-2301-026 | N38: KALTIM DOLPHIN 17 - 08 | O38: KALTIM FT 80-01 | Q38: =3146*2.4 -> 7550.4 | AV38: =AY38 -> 44930.486 | AW38: =BO38 -> 44958 | AX38: =AW38-AV38 -> 27.513889 | AY38: 44930.486 | BO38: 44958 | BP38: Instruction to POL on 14 Jan | BR38: =(BA38-AZ38)*24 -> 0 | BS38: =(BC38-BB38)*24 -> 0 | BT38: =(BF38-BE38)*24 -> 0 | BU38: =(BJ38-BH38)*24 -> 0 | BV38: =(BL38-BK38)*24 -> 0 | BW38: =(BO38-BN38)*24 -> 1078992 | BX38: =SUM(BR38:BW38)/24 -> 44958 | BY38: =AX38 -> 27.513889 | BZ38: =BX38/BY38 -> 1634.0111
D39: STTC | J39: REPAIR | L39: BEK-2301-027 | N39: KSA 49 | O39: ISA 310 | Q39: =3136*2.4 -> 7526.4 | AV39: =AY39 -> 44925.083 | AW39: =BO39 -> 44958 | AX39: =AW39-AV39 -> 32.916667 | AY39: 44925.083 | BO39: 44958 | BP39: Subs.of BG. RMN 333 ; Instruction to POL on 11 Jan | BR39: =(BA39-AZ39)*24 -> 0 | BS39: =(BC39-BB39)*24 -> 0 | BT39: =(BF39-BE39)*24 -> 0 | BU39: =(BJ39-BH39)*24 -> 0 | BV39: =(BL39-BK39)*24 -> 0 | BW39: =(BO39-BN39)*24 -> 1078992 | BX39: =SUM(BR39:BW39)/24 -> 44958 | BY39: =AX39 -> 32.916667 | BZ39: =BX39/BY39 -> 1365.8127
A40: =BB40 -> 44942.622 | B40: DONE/FIX | C40: BUNYUT | D40: STTC | E40: MV. REX OLDENDORFF | G40: 44940.5 | H40: 44940.51 | I40: BEK-MBR | J40: Completed | K40: Completed | L40: BEK-2301-028 | N40: MAHKOTA JAYA 06 | O40: MAHKOTA PRIMA 06 | P40: BEK MCVLS | Q40: =3095*2.4 -> 7428 | R40: =7307.956-5501.5 -> 1806.456 | W40: =R40 -> 1806.456 | AV40: =AY40 -> 44927.79 | AW40: =BO40 -> 44951.25 | AX40: =AW40-AV40 -> 23.460417 | AY40: 44927.79 | AZ40: 44938.553 | BA40: 44940.181 | BB40: 44942.622 | BC40: 44942.743 | BD40: 44942.747 | BE40: 44942.747 | BF40: =BE40+(41/24) -> 44944.455 | BG40: 44945.5 | BH40: 44945.667 | BI40: 44945.536 | BJ40: 44946.667 | BK40: 44950.903 | BL40: 44951.188 | BM40: 44951.25 | BN40: 44951.25 | BO40: 44951.25 | BP40: Instruction to POL on 12 Jan | BR40: =(BA40-AZ40)*24 -> 39.066667 | BS40: =(BC40-BB40)*24 -> 2.9166667 | BT40: =(BF40-BE40)*24 -> 41 | BU40: =(BJ40-BH40)*24 -> 24 | BV40: =(BL40-BK40)*24 -> 6.8333333 | BW40: =(BO40-BN40)*24 -> 0 | BX40: =SUM(BR40:BW40)/24 -> 4.7423611 | BY40: =AX40 -> 23.460417 | BZ40: =BX40/BY40 -> 0.20214309
A41: =BB41 -> 44942.622 | B41: DONE/FIX | C41: BUNYUT | D41: STTC | E41: MV. AMPHITRITE | G41: 44951.542 | H41: 44951.546 | I41: BEK-MBR | J41: Completed | K41: Completed | L41: BEK-2301-028 | N41: MAHKOTA JAYA 06 | O41: MAHKOTA PRIMA 06 | P41: BEK MCVLS | Q41: =3095*2.4 -> 7428 | R41: 5618.157 | W41: =R41 -> 5618.157 | AV41: =AY41 -> 44927.79 | AW41: =BO41 -> 44956.583 | AX41: =AW41-AV41 -> 28.79375 | AY41: 44927.79 | AZ41: 44938.553 | BA41: 44940.181 | BB41: 44942.622 | BC41: 44942.743 | BD41: 44942.747 | BE41: 44942.747 | BF41: =BE41+(41/24) -> 44944.455 | BG41: 44945.5 | BH41: 44945.667 | BI41: 44945.536 | BJ41: 44951.25 | BK41: 44955.951 | BL41: 44956.097 | BM41: 44956.118 | BN41: 44956.333 | BO41: 44956.583 | BP41: Instruction to POL on 12 Jan | BR41: =(BA41-AZ41)*24 -> 39.066667 | BS41: =(BC41-BB41)*24 -> 2.9166667 | BT41: =(BF41-BE41)*24 -> 41 | BU41: =(BJ41-BH41)*24 -> 134 | BV41: =(BL41-BK41)*24 -> 3.5 | BW41: =(BO41-BN41)*24 -> 6 | BX41: =SUM(BR41:BW41)/24 -> 9.4368056 | BY41: =AX41 -> 28.79375 | BZ41: =BX41/BY41 -> 0.32773798
D42: STTC | J42: REPAIR | L42: BEK-2301-029 | N42: KOMPAS 03 | O42: RMN 337 | Q42: =3143*2.4 -> 7543.2 | AV42: =AY42 -> 44928.125 | AW42: =BO42 -> 44958 | AX42: =AW42-AV42 -> 29.875 | AY42: 44928.125 | BO42: 44958 | BP42: Instruction to POL on 12 Jan | BR42: =(BA42-AZ42)*24 -> 0 | BS42: =(BC42-BB42)*24 -> 0 | BT42: =(BF42-BE42)*24 -> 0 | BU42: =(BJ42-BH42)*24 -> 0 | BV42: =(BL42-BK42)*24 -> 0 | BW42: =(BO42-BN42)*24 -> 1078992 | BX42: =SUM(BR42:BW42)/24 -> 44958 | BY42: =AX42 -> 29.875 | BZ42: =BX42/BY42 -> 1504.8703
A43: =BB43 -> 44945.441 | B43: DONE/FIX | C43: BUNYUT | D43: STTC | E43: MV. AMPHITRITE | F43: MV. PEACE | G43: 44951.542 | H43: 44951.546 | I43: BEK-MBR | J43: Completed | K43: Completed | L43: BEK-2301-030 | N43: KSA 34 | O43: RMN 333 | P43: BEK MCVLS | Q43: =3136*2.4 -> 7526.4 | R43: =7111.135-5376.296 -> 1734.839 | W43: =R43 -> 1734.839 | AV43: =AY43 -> 44924.667 | AW43: =BO43 -> 44956.969 | AX43: =AW43-AV43 -> 32.302083 | AY43: 44924.667 | AZ43: 44940.59 | BA43: 44942.625 | BB43: 44945.441 | BC43: 44945.572 | BD43: 44945.576 | BE43: 44945.576 | BF43: =BE43+(41/24) -> 44947.285 | BG43: 44948.25 | BH43: 44948.417 | BI43: 44948.392 | BJ43: 44953.417 | BK43: 44956.438 | BL43: 44956.931 | BM43: 44956.969 | BN43: 44956.969 | BO43: 44956.969 | BP43: Subs.of BG. ISA 310 ; Instruction to POL on 11 Jan | BR43: =(BA43-AZ43)*24 -> 48.833333 | BS43: =(BC43-BB43)*24 -> 3.1333333 | BT43: =(BF43-BE43)*24 -> 41 | BU43: =(BJ43-BH43)*24 -> 120 | BV43: =(BL43-BK43)*24 -> 11.833333 | BW43: =(BO43-BN43)*24 -> 0 | BX43: =SUM(BR43:BW43)/24 -> 9.3666667 | BY43: =AX43 -> 32.302083 | BZ43: =BX43/BY43 -> 0.28997098
A44: =BB44 -> 44945.441 | B44: DONE/FIX | C44: BUNYUT | D44: STTC | E44: MV. ZHONGHAIHUARUN 1 | F44: MV. PEACE | G44: 44952.667 | H44: 44952.694 | I44: BEK-MBR | J44: Completed | K44: Completed | L44: BEK-2301-030 | N44: KSA 34 | O44: RMN 333 | P44: BEK MCVLS | Q44: =3136*2.4 -> 7526.4 | R44: 5690.029 | W44: =R44 -> 5690.029 | AV44: =AY44 -> 44924.667 | AW44: =BO44 -> 44959.694 | AX44: =AW44-AV44 -> 35.027778 | AY44: 44924.667 | AZ44: 44940.59 | BA44: 44942.625 | BB44: 44945.441 | BC44: 44945.572 | BD44: 44945.576 | BE44: 44945.576 | BF44: =BE44+(41/24) -> 44947.285 | BG44: 44948.25 | BH44: 44948.417 | BI44: 44948.392 | BJ44: 44956.969 | BK44: 44958.934 | BL44: 44959.194 | BM44: 44959.215 | BN44: 44959.215 | BO44: 44959.694 | BP44: Subs.of BG. ISA 310 ; Instruction to POL on 11 Jan | BR44: =(BA44-AZ44)*24 -> 48.833333 | BS44: =(BC44-BB44)*24 -> 3.1333333 | BT44: =(BF44-BE44)*24 -> 41 | BU44: =(BJ44-BH44)*24 -> 205.25 | BV44: =(BL44-BK44)*24 -> 6.25 | BW44: =(BO44-BN44)*24 -> 11.5 | BX44: =SUM(BR44:BW44)/24 -> 13.165278 | BY44: =AX44 -> 35.027778 | BZ44: =BX44/BY44 -> 0.3758525
A45: =BB45 -> 44944.135 | B45: DONE/FIX | C45: BUNYUT | D45: STTC | E45: MV. AMPHITRITE | G45: 44951.542 | H45: 44951.546 | I45: BEK-MBR | J45: Completed | K45: Completed | L45: BEK-2301-031 | N45: BERAU COAL 31 | O45: ROBBY 362 | P45: BEK BLEND TS 1.20 MAX | Q45: =3242 *2.4 -> 7780.8 | R45: 7260.81 | W45: =R45*0.35 -> 2541.2835 | X45: =R45*0.65 -> 4719.5265 | AV45: =AY45 -> 44928.729 | AW45: =BO45 -> 44956.875 | AX45: =AW45-AV45 -> 28.145833 | AY45: 44928.729 | AZ45: 44938.58 | BA45: 44940.542 | BB45: 44944.135 | BC45: 44944.36 | BD45: 44944.365 | BE45: 44944.365 | BF45: =BE45+(41/24) -> 44946.073 | BG45: 44946.583 | BH45: 44946.75 | BI45: 44946.691 | BJ45: 44951.604 | BK45: 44956.16 | BL45: 44956.375 | BM45: 44956.396 | BN45: 44956.396 | BO45: 44956.875 | BP45: Instruction to POL on 12 Jan | BR45: =(BA45-AZ45)*24 -> 47.083333 | BS45: =(BC45-BB45)*24 -> 5.4 | BT45: =(BF45-BE45)*24 -> 41 | BU45: =(BJ45-BH45)*24 -> 116.5 | BV45: =(BL45-BK45)*24 -> 5.1666667 | BW45: =(BO45-BN45)*24 -> 11.5 | BX45: =SUM(BR45:BW45)/24 -> 9.44375 | BY45: =AX45 -> 28.145833 | BZ45: =BX45/BY45 -> 0.33552924
A46: =BB46 -> 44947.236 | B46: DONE/FIX | C46: BUNYUT | D46: STTC | E46: MV. ASTARTE | G46: 44949.729 | H46: 44949.722 | I46: BEK-MBR | J46: Completed | K46: Completed | L46: BEK-2301-032 | N46: KSA ANUGRAH | O46: RMN 368 | P46: BEK HCVMS | Q46: =3141*2.4 -> 7538.4 | R46: 6320.828 | X46: =R46 -> 6320.828 | AV46: =AY46 -> 44933.438 | AW46: =BO46 -> 44960.229 | AX46: =AW46-AV46 -> 26.791667 | AY46: 44933.438 | AZ46: 44943.84 | BA46: 44946.639 | BB46: 44947.236 | BC46: 44947.441 | BD46: 44947.444 | BE46: 44947.444 | BF46: =BE46+(41/24) -> 44949.153 | BG46: 44954.292 | BH46: 44954.458 | BI46: 44954.406 | BJ46: 44955.406 | BK46: 44959.743 | BL46: 44959.875 | BM46: 44959.896 | BN46: 44959.896 | BO46: 44960.229 | BP46: Instruction to POL on 14 Jan | BR46: =(BA46-AZ46)*24 -> 67.166667 | BS46: =(BC46-BB46)*24 -> 4.9166667 | BT46: =(BF46-BE46)*24 -> 41 | BU46: =(BJ46-BH46)*24 -> 22.75 | BV46: =(BL46-BK46)*24 -> 3.1666667 | BW46: =(BO46-BN46)*24 -> 8 | BX46: =SUM(BR46:BW46)/24 -> 6.125 | BY46: =AX46 -> 26.791667 | BZ46: =BX46/BY46 -> 0.22861586
A47: =BB47 -> 44946.503 | B47: DONE/FIX | C47: BUNYUT | D47: STTC | E47: MV. PEACE | G47: 44953.208 | H47: 44953.104 | I47: BEK-BoCT | J47: Completed | K47: Completed | L47: BEK-2301-033 | N47: KENCANA LAUT | O47: CEMERLANG 9 | P47: BEK MCVLS | Q47: =3215*2.4 -> 7716 | R47: 6424.368 | W47: =R47 -> 6424.368 | AV47: =AY47 -> 44935.528 | AW47: =BO47 -> 44956.646 | AX47: =AW47-AV47 -> 21.118056 | AY47: 44935.528 | AZ47: 44942.851 | BA47: 44944.59 | BB47: 44946.503 | BC47: 44946.676 | BD47: 44946.677 | BE47: 44946.677 | BF47: =BE47+(41/24) -> 44948.385 | BG47: 44949.25 | BH47: 44949.417 | BI47: 44949.372 | BJ47: 44951.396 | BK47: 44955.639 | BL47: 44955.865 | BM47: 44955.878 | BN47: 44955.882 | BO47: 44956.646 | BP47: Instruction to POL on 14 Jan | BR47: =(BA47-AZ47)*24 -> 41.75 | BS47: =(BC47-BB47)*24 -> 4.1333333 | BT47: =(BF47-BE47)*24 -> 41 | BU47: =(BJ47-BH47)*24 -> 47.5 | BV47: =(BL47-BK47)*24 -> 5.4166667 | BW47: =(BO47-BN47)*24 -> 18.333333 | BX47: =SUM(BR47:BW47)/24 -> 6.5888889 | BY47: =AX47 -> 21.118056 | BZ47: =BX47/BY47 -> 0.31200263
A48: =BB48 -> 44944.719 | B48: DONE/FIX | C48: BUNYUT | D48: STTC | E48: MV. AMPHITRITE | G48: 44951.542 | H48: 44951.546 | I48: BEK-MBR | J48: Completed | K48: Completed | L48: BEK-2301-034 | N48: SSP 788 | O48: ROBBY 155 | P48: BEK BLEND TS 1.20 MAX | Q48: =3136*2.4 -> 7526.4 | R48: 7271.315 | W48: =R48*0.35 -> 2544.9602 | X48: =R48*0.65 -> 4726.3547 | AV48: =AY48 -> 44935.542 | AW48: =BO48 -> 44956.181 | AX48: =AW48-AV48 -> 20.638889 | AY48: 44935.542 | AZ48: 44940.59 | BA48: 44942.417 | BB48: 44944.719 | BC48: 44944.892 | BD48: 44944.896 | BE48: 44945.292 | BF48: =BE48+(41/24) -> 44947 | BG48: 44947.583 | BH48: 44947.75 | BI48: 44947.694 | BJ48: 44951.167 | BK48: 44955.562 | BL48: 44955.868 | BM48: 44955.889 | BN48: 44955.889 | BO48: 44956.181 | BP48: Instruction to POL on 14 Jan | BR48: =(BA48-AZ48)*24 -> 43.833333 | BS48: =(BC48-BB48)*24 -> 4.1666667 | BT48: =(BF48-BE48)*24 -> 41 | BU48: =(BJ48-BH48)*24 -> 82 | BV48: =(BL48-BK48)*24 -> 7.3333333 | BW48: =(BO48-BN48)*24 -> 7 | BX48: =SUM(BR48:BW48)/24 -> 7.7222222 | BY48: =AX48 -> 20.638889 | BZ48: =BX48/BY48 -> 0.37415882
A49: =BB49 -> 44944.559 | B49: DONE/FIX | C49: BUNYUT | D49: STTC | E49: MV. AMPHITRITE | G49: 44951.542 | H49: 44951.546 | I49: BEK-MBR | J49: Completed | K49: Completed | L49: BEK-2301-035 | N49: BIG FAIR 15 | O49: ROBBY 112 | P49: BEK BLEND TS 1.20 MAX | Q49: =3136*2.4 -> 7526.4 | R49: 7294.897 | W49: =R49*0.35 -> 2553.2139 | X49: =R49*0.65 -> 4741.6831 | AV49: =AY49 -> 44935.701 | AW49: =BO49 -> 44955.062 | AX49: =AW49-AV49 -> 19.361111 | AY49: 44935.701 | AZ49: 44940.608 | BA49: 44942.344 | BB49: 44944.559 | BC49: 44944.688 | BD49: 44944.691 | BE49: 44944.691 | BF49: =BE49+(41/24) -> 44946.399 | BG49: 44946.583 | BH49: 44946.75 | BI49: 44946.622 | BJ49: 44949.976 | BK49: 44954.25 | BL49: 44954.545 | BM49: 44954.566 | BN49: 44954.566 | BO49: 44955.062 | BP49: Instruction to POL on 14 Jan | BR49: =(BA49-AZ49)*24 -> 41.666667 | BS49: =(BC49-BB49)*24 -> 3.0833333 | BT49: =(BF49-BE49)*24 -> 41 | BU49: =(BJ49-BH49)*24 -> 77.416667 | BV49: =(BL49-BK49)*24 -> 7.0833333 | BW49: =(BO49-BN49)*24 -> 11.916667 | BX49: =SUM(BR49:BW49)/24 -> 7.5902778 | BY49: =AX49 -> 19.361111 | BZ49: =BX49/BY49 -> 0.3920373
A50: =BB50 -> 44945.969 | B50: DONE/FIX | C50: BUNYUT | D50: STTC | E50: MV. PEACE | G50: 44953.208 | H50: 44953.104 | I50: BEK-BoCT | J50: Completed | K50: Completed | L50: BEK-2301-036 | N50: HARMONY XXVI | O50: LINTAS SAMUDERA 77 | P50: BEK MCVLS | Q50: =3077*2.4 -> 7384.8 | R50: 6366.538 | W50: =R50 -> 6366.538 | AV50: =AY50 -> 44935.833 | AW50: =BO50 -> 44953.458 | AX50: =AW50-AV50 -> 17.625 | AY50: 44935.833 | AZ50: 44942.635 | BA50: 44944.337 | BB50: 44945.969 | BC50: 44946.087 | BD50: 44946.09 | BE50: 44946.292 | BF50: =BE50+(41/24) -> 44948 | BG50: 44948.25 | BH50: 44948.417 | BI50: 44948.337 | BJ50: 44949.764 | BK50: 44952.872 | BL50: 44953.062 | BM50: 44953.076 | BN50: 44953.08 | BO50: 44953.458 | BP50: Instruction to POL on 14 Jan | BR50: =(BA50-AZ50)*24 -> 40.833333 | BS50: =(BC50-BB50)*24 -> 2.8333333 | BT50: =(BF50-BE50)*24 -> 41 | BU50: =(BJ50-BH50)*24 -> 32.333333 | BV50: =(BL50-BK50)*24 -> 4.5833333 | BW50: =(BO50-BN50)*24 -> 9.0833333 | BX50: =SUM(BR50:BW50)/24 -> 5.4444444 | BY50: =AX50 -> 17.625 | BZ50: =BX50/BY50 -> 0.30890465
A51: =BB51 -> 44945.156 | B51: DONE/FIX | C51: BUNYUT | D51: TC | E51: MV. AMPHITRITE | G51: 44951.542 | H51: 44951.546 | I51: BEK-MBR | J51: Completed | K51: Completed | L51: BEK-2301-037 | N51: SJP 88 | O51: ROBBY 123 | P51: BEK BLEND TS 1.20 MAX | Q51: =3852*2.4 -> 9244.8 | R51: 7431.543 | W51: =R51*0.35 -> 2601.04 | X51: =R51*0.65 -> 4830.503 | AV51: =AY51 -> 44935.875 | AW51: =BO51 -> 44955.667 | AX51: =AW51-AV51 -> 19.791667 | AY51: 44935.875 | AZ51: 44940.804 | BA51: 44942.431 | BB51: 44945.156 | BC51: 44945.413 | BD51: 44945.42 | BE51: 44945.42 | BF51: =BE51+(41/24) -> 44947.128 | BG51: 44947.583 | BH51: 44947.75 | BI51: 44947.601 | BJ51: 44950.833 | BK51: 44955.122 | BL51: 44955.333 | BM51: 44955.354 | BN51: 44955.354 | BO51: 44955.667 | BP51: Instruction to POL on 14 Jan | BR51: =(BA51-AZ51)*24 -> 39.033333 | BS51: =(BC51-BB51)*24 -> 6.1666667 | BT51: =(BF51-BE51)*24 -> 41 | BU51: =(BJ51-BH51)*24 -> 74 | BV51: =(BL51-BK51)*24 -> 5.0833333 | BW51: =(BO51-BN51)*24 -> 7.5 | BX51: =SUM(BR51:BW51)/24 -> 7.1993056 | BY51: =AX51 -> 19.791667 | BZ51: =BX51/BY51 -> 0.36375439
A52: =BB52 -> 44945.762 | B52: DONE/FIX | C52: BUNYUT | D52: STTC | E52: MV. PEACE | G52: 44953.208 | H52: 44953.104 | I52: BEK-BoCT | J52: Completed | K52: Completed | L52: BEK-2301-038 | N52: KSA 115 | O52: RMN 350 | P52: BEK MCVLS | Q52: =3107*2.4 -> 7456.8 | R52: 7002.637 | W52: =R52 -> 7002.637 | AV52: =AY52 -> 44936.389 | AW52: =BO52 -> 44953.917 | AX52: =AW52-AV52 -> 17.527778 | AY52: 44936.389 | AZ52: 44942.816 | BA52: 44944.132 | BB52: 44945.762 | BC52: 44945.934 | BD52: 44945.941 | BE52: 44946.299 | BF52: =BE52+(41/24) -> 44948.007 | BG52: 44948.25 | BH52: 44948.417 | BI52: 44948.302 | BJ52: 44949.771 | BK52: 44953.153 | BL52: 44953.385 | BM52: 44953.396 | BN52: 44953.399 | BO52: 44953.917 | BP52: Instruction to POL on 14 Jan | BR52: =(BA52-AZ52)*24 -> 31.583333 | BS52: =(BC52-BB52)*24 -> 4.1333333 | BT52: =(BF52-BE52)*24 -> 41 | BU52: =(BJ52-BH52)*24 -> 32.5 | BV52: =(BL52-BK52)*24 -> 5.5833333 | BW52: =(BO52-BN52)*24 -> 12.416667 | BX52: =SUM(BR52:BW52)/24 -> 5.3006944 | BY52: =AX52 -> 17.527778 | BZ52: =BX52/BY52 -> 0.3024168
A53: =BB53 -> 44944.951 | B53: DONE/FIX | C53: BUNYUT | D53: TC | E53: MV. AMPHITRITE | G53: 44951.542 | H53: 44951.546 | I53: BEK-MBR | J53: Completed | K53: Completed | L53: BEK-2301-039 | N53: BERAU COAL 55 | O53: ROBBY 100 | P53: BEK BLEND TS 1.20 MAX | Q53: =3852*2.4 -> 9244.8 | R53: 7607.655 | W53: =R53*0.35 -> 2662.6792 | X53: =R53*0.65 -> 4944.9757 | AV53: =AY53 -> 44936.417 | AW53: =BO53 -> 44955.49 | AX53: =AW53-AV53 -> 19.072917 | AY53: 44936.417 | AZ53: 44940.792 | BA53: 44942.424 | BB53: 44944.951 | BC53: 44945.118 | BD53: 44945.122 | BE53: 44945.25 | BF53: =BE53+(41/24) -> 44946.958 | BG53: 44947.583 | BH53: 44947.75 | BI53: 44947.618 | BJ53: 44950.84 | BK53: 44954.861 | BL53: 44955.059 | BM53: 44955.08 | BN53: 44955.292 | BO53: 44955.49 | BP53: Instruction to POL on 14 Jan | BR53: =(BA53-AZ53)*24 -> 39.166667 | BS53: =(BC53-BB53)*24 -> 4 | BT53: =(BF53-BE53)*24 -> 41 | BU53: =(BJ53-BH53)*24 -> 74.166667 | BV53: =(BL53-BK53)*24 -> 4.75 | BW53: =(BO53-BN53)*24 -> 4.75 | BX53: =SUM(BR53:BW53)/24 -> 6.9930556 | BY53: =AX53 -> 19.072917 | BZ53: =BX53/BY53 -> 0.36664846
A54: =BB54 -> 44944.389 | B54: DONE/FIX | C54: BUNYUT | D54: STTC | E54: MV. AMPHITRITE | G54: 44951.542 | H54: 44951.546 | I54: BEK-MBR | J54: Completed | K54: Completed | L54: BEK-2301-040 | N54: SATRIA LAKSANA 98 | O54: SATRIA LAUT 3098 | P54: BEK BLEND TS 1.20 MAX | Q54: =3039*2.4 -> 7293.6 | R54: 7138.648 | W54: =R54*0.35 -> 2498.5268 | X54: =R54*0.65 -> 4640.1212 | AV54: =AY54 -> 44936.625 | AW54: =BO54 -> 44955.156 | AX54: =AW54-AV54 -> 18.53125 | AY54: 44936.625 | AZ54: 44939.812 | BA54: 44942.042 | BB54: 44944.389 | BC54: 44944.528 | BD54: 44944.535 | BE54: 44944.535 | BF54: =BE54+(41/24) -> 44946.243 | BG54: 44946.583 | BH54: 44946.75 | BI54: 44946.59 | BJ54: 44950.375 | BK54: 44954.608 | BL54: 44954.799 | BM54: 44954.819 | BN54: 44954.819 | BO54: 44955.156 | BP54: Instruction to POL on 14 Jan | BR54: =(BA54-AZ54)*24 -> 53.5 | BS54: =(BC54-BB54)*24 -> 3.3333333 | BT54: =(BF54-BE54)*24 -> 41 | BU54: =(BJ54-BH54)*24 -> 87 | BV54: =(BL54-BK54)*24 -> 4.5833333 | BW54: =(BO54-BN54)*24 -> 8.0833333 | BX54: =SUM(BR54:BW54)/24 -> 8.2291667 | BY54: =AX54 -> 18.53125 | BZ54: =BX54/BY54 -> 0.4440697
A55: =BB55 -> 44945.601 | B55: DONE/FIX | C55: BUNYUT | D55: STTC | E55: MV. PEACE | G55: 44953.208 | H55: 44953.104 | I55: BEK-BoCT | J55: Completed | K55: Completed | L55: BEK-2301-041 | N55: KSA 110 | O55: RMN 326 | P55: BEK MCVLS | Q55: =3142*2.4 -> 7540.8 | R55: 6700.102 | W55: =R55 -> 6700.102 | AV55: =AY55 -> 44936.917 | AW55: =BO55 -> 44955.167 | AX55: =AW55-AV55 -> 18.25 | AY55: 44936.917 | AZ55: 44942.806 | BA55: 44944.125 | BB55: 44945.601 | BC55: 44945.736 | BD55: 44945.74 | BE55: 44945.74 | BF55: =BE55+(41/24) -> 44947.448 | BG55: 44947.583 | BH55: 44947.75 | BI55: 44947.611 | BJ55: 44949.34 | BK55: 44951.312 | BL55: 44953.896 | BM55: 44954.462 | BN55: 44954.764 | BO55: 44955.167 | BP55: Instruction to POL on 14 Jan | BR55: =(BA55-AZ55)*24 -> 31.666667 | BS55: =(BC55-BB55)*24 -> 3.25 | BT55: =(BF55-BE55)*24 -> 41 | BU55: =(BJ55-BH55)*24 -> 38.166667 | BV55: =(BL55-BK55)*24 -> 62 | BW55: =(BO55-BN55)*24 -> 9.6666667 | BX55: =SUM(BR55:BW55)/24 -> 7.7395833 | BY55: =AX55 -> 18.25 | BZ55: =BX55/BY55 -> 0.42408676
A56: =BB56 -> 44947.052 | B56: DONE/FIX | C56: BUNYUT | D56: STTC | E56: MV. PEACE | F56: MV. ASTARTE | G56: 44953.208 | H56: 44953.104 | I56: BEK-BoCT | J56: Completed | K56: Completed | L56: BEK-2301-042 | N56: ANUGERAH 2 | O56: RMN 3302 | P56: BEK MCVLS | Q56: =4111*2.4 -> 9866.4 | R56: 8044.41 | W56: =R56 -> 8044.41 | AV56: =AY56 -> 44937.438 | AW56: =BO56 -> 44955.956 | AX56: =AW56-AV56 -> 18.51875 | AY56: 44937.438 | AZ56: 44943.865 | BA56: 44945.413 | BB56: 44947.052 | BC56: 44947.198 | BD56: 44947.205 | BE56: 44947.292 | BF56: =BE56+(41/24) -> 44949 | BG56: 44949.25 | BH56: 44949.417 | BI56: 44949.387 | BJ56: 44951.194 | BK56: 44955.059 | BL56: 44955.403 | BM56: 44955.556 | BN56: 44955.559 | BO56: 44955.956 | BP56: Instruction to POL on 16 Jan | BR56: =(BA56-AZ56)*24 -> 37.166667 | BS56: =(BC56-BB56)*24 -> 3.5 | BT56: =(BF56-BE56)*24 -> 41 | BU56: =(BJ56-BH56)*24 -> 42.666667 | BV56: =(BL56-BK56)*24 -> 8.25 | BW56: =(BO56-BN56)*24 -> 9.5333333 | BX56: =SUM(BR56:BW56)/24 -> 5.9215278 | BY56: =AX56 -> 18.51875 | BZ56: =BX56/BY56 -> 0.3197585
A57: =BB57 -> 44946.115 | B57: DONE/FIX | C57: BUNYUT | D57: STTC | E57: MV. PEACE | G57: 44953.208 | H57: 44953.104 | I57: BEK-BoCT | J57: Completed | K57: Completed | L57: BEK-2301-043 | N57: DELTA AYU 388 | O57: KALIMANTAN CAHAYA 88 | P57: BEK MCVLS | Q57: =3117*2.4 -> 7480.8 | R57: 6650.923 | W57: =R57 -> 6650.923 | AV57: =AY57 -> 44937.444 | AW57: =BO57 -> 44955.249 | AX57: =AW57-AV57 -> 17.804861 | AY57: 44937.444 | AZ57: 44942.799 | BA57: 44944.326 | BB57: 44946.115 | BC57: 44946.247 | BD57: 44946.25 | BE57: 44946.25 | BF57: =BE57+(41/24) -> 44947.958 | BG57: 44948.25 | BH57: 44948.417 | BI57: 44948.333 | BJ57: 44950.889 | BK57: 44954.458 | BL57: 44954.667 | BM57: 44954.681 | BN57: 44954.785 | BO57: 44955.249 | BP57: Instruction to POL on 16 Jan | BR57: =(BA57-AZ57)*24 -> 36.666667 | BS57: =(BC57-BB57)*24 -> 3.1666667 | BT57: =(BF57-BE57)*24 -> 41 | BU57: =(BJ57-BH57)*24 -> 59.333333 | BV57: =(BL57-BK57)*24 -> 5 | BW57: =(BO57-BN57)*24 -> 11.15 | BX57: =SUM(BR57:BW57)/24 -> 6.5131944 | BY57: =AX57 -> 17.804861 | BZ57: =BX57/BY57 -> 0.3658099
A58: =BB58 -> 44946.913 | B58: DONE/FIX | C58: BUNYUT | D58: TC | E58: MV. PEACE | G58: 44953.208 | H58: 44953.104 | I58: BEK-BoCT | J58: Completed | K58: Completed | L58: BEK-2301-044 | N58: KINGFISHER 507 | O58: ASIA RIDER 501 | P58: BEK MCVLS | Q58: 7508.448 | R58: 6306.223 | W58: =R58 -> 6306.223 | AV58: =AY58 -> 44937.538 | AW58: =BO58 -> 44954.538 | AX58: =AW58-AV58 -> 17 | AY58: 44937.538 | AZ58: 44943.378 | BA58: 44945.042 | BB58: 44946.913 | BC58: 44947.028 | BD58: 44947.031 | BE58: 44947.25 | BF58: =BE58+(41/24) -> 44948.958 | BG58: 44949.25 | BH58: 44949.417 | BI58: 44949.323 | BJ58: 44950.625 | BK58: 44953.694 | BL58: 44953.944 | BM58: 44953.972 | BN58: 44953.976 | BO58: 44954.538 | BP58: Instruction to POL on 16 Jan | BR58: =(BA58-AZ58)*24 -> 39.916667 | BS58: =(BC58-BB58)*24 -> 2.75 | BT58: =(BF58-BE58)*24 -> 41 | BU58: =(BJ58-BH58)*24 -> 29 | BV58: =(BL58-BK58)*24 -> 6 | BW58: =(BO58-BN58)*24 -> 13.5 | BX58: =SUM(BR58:BW58)/24 -> 5.5069444 | BY58: =AX58 -> 17 | BZ58: =BX58/BY58 -> 0.32393791
A59: =BB59 -> 44946.274 | B59: DONE/FIX | C59: BUNYUT | D59: STTC | E59: MV. PEACE | G59: 44953.208 | H59: 44953.104 | I59: BEK-BoCT | J59: Completed | K59: Completed | L59: BEK-2301-045 | N59: BLORO 25 | O59: ROBBY 365 | P59: BEK MCVLS | Q59: =3271*2.4 -> 7850.4 | R59: 6486.528 | W59: =R59 -> 6486.528 | AV59: =AY59 -> 44937.924 | AW59: =BO59 -> 44955.344 | AX59: =AW59-AV59 -> 17.420139 | AY59: 44937.924 | AZ59: 44942.826 | BA59: 44944.333 | BB59: 44946.274 | BC59: 44946.465 | BD59: 44946.472 | BE59: 44946.472 | BF59: =BE59+(41/24) -> 44948.181 | BG59: 44948.25 | BH59: 44948.417 | BI59: 44948.285 | BJ59: 44950.833 | BK59: 44954.028 | BL59: 44954.392 | BM59: 44954.413 | BN59: 44954.792 | BO59: 44955.344 | BP59: Instruction to POL on 16 Jan | BR59: =(BA59-AZ59)*24 -> 36.166667 | BS59: =(BC59-BB59)*24 -> 4.5833333 | BT59: =(BF59-BE59)*24 -> 41 | BU59: =(BJ59-BH59)*24 -> 58 | BV59: =(BL59-BK59)*24 -> 8.75 | BW59: =(BO59-BN59)*24 -> 13.25 | BX59: =SUM(BR59:BW59)/24 -> 6.7395833 | BY59: =AX59 -> 17.420139 | BZ59: =BX59/BY59 -> 0.38688459
A60: =BB60 -> 44946.708 | B60: DONE/FIX | C60: BUNYUT | D60: STTC | E60: MV. ASTARTE | G60: 44949.729 | H60: 44949.722 | I60: BEK-MBR | J60: Completed | K60: Completed | L60: BEK-2301-046 | N60: BERAU COAL 63 | O60: ROBBY 363 | P60: BEK HCVMS | Q60: =3271*2.4 -> 7850.4 | R60: 6354.108 | X60: =R60 -> 6354.108 | AV60: =AY60 -> 44941.542 | AW60: =BO60 -> 44958.333 | AX60: =AW60-AV60 -> 16.791667 | AY60: 44941.542 | AZ60: 44943.385 | BA60: 44945.104 | BB60: 44946.708 | BC60: 44946.878 | BD60: 44946.885 | BE60: 44947.264 | BF60: =BE60+(41/24) -> 44948.972 | BG60: 44951.25 | BH60: 44951.417 | BI60: 44951.292 | BJ60: 44954.042 | BK60: 44957.562 | BL60: 44957.872 | BM60: 44957.892 | BN60: 44957.892 | BO60: 44958.333 | BP60: Instruction to POL on 16 Jan | BR60: =(BA60-AZ60)*24 -> 41.25 | BS60: =(BC60-BB60)*24 -> 4.0833333 | BT60: =(BF60-BE60)*24 -> 41 | BU60: =(BJ60-BH60)*24 -> 63 | BV60: =(BL60-BK60)*24 -> 7.4166667 | BW60: =(BO60-BN60)*24 -> 10.583333 | BX60: =SUM(BR60:BW60)/24 -> 6.9722222 | BY60: =AX60 -> 16.791667 | BZ60: =BX60/BY60 -> 0.41521919
A61: =BB61 -> 44947.476 | B61: DONE/FIX | C61: BUNYUT | D61: STTC | E61: MV. PEACE | F61: MV. ASTARTE | G61: 44953.208 | H61: 44953.104 | I61: BEK-BoCT | J61: Completed | K61: Completed | L61: BEK-2301-047 | N61: DELTA AYU CHRISTIAN | O61: KALIMANTAN 158 | P61: BEK MCVLS | Q61: 5500 | R61: 4500.988 | W61: =R61 -> 4500.988 | AV61: =AY61 -> 44926.444 | AW61: =BO61 -> 44953.608 | AX61: =AW61-AV61 -> 27.163194 | AY61: 44926.444 | AZ61: 44945.375 | BA61: 44946.514 | BB61: 44947.476 | BC61: 44947.587 | BD61: 44947.59 | BE61: 44947.59 | BF61: =BE61+(41/24) -> 44949.299 | BG61: 44949.25 | BH61: 44949.417 | BI61: 44949.324 | BJ61: 44952.986 | BK61: 44953.438 | BL61: 44953.594 | BM61: 44953.608 | BN61: 44953.608 | BO61: 44953.608 | BP61: Divert plan from IKJ due to quality issue on 17 Jan | BR61: =(BA61-AZ61)*24 -> 27.333333 | BS61: =(BC61-BB61)*24 -> 2.6666667 | BT61: =(BF61-BE61)*24 -> 41 | BU61: =(BJ61-BH61)*24 -> 85.666667 | BV61: =(BL61-BK61)*24 -> 3.75 | BW61: =(BO61-BN61)*24 -> 0 | BX61: =SUM(BR61:BW61)/24 -> 6.6840278 | BY61: =AX61 -> 27.163194 | BZ61: =BX61/BY61 -> 0.24606928
A62: =BB62 -> 44948.503 | B62: DONE/FIX | C62: BUNYUT | D62: STTC | E62: MV. ASTARTE | G62: 44949.729 | H62: 44949.722 | I62: BEK-MBR | J62: Completed | K62: Completed | L62: BEK-2301-048 | N62: KSA 41 | O62: TBG 310 | P62: BEK HCVMS | Q62: =3141*2.4 -> 7538.4 | R62: 7563.072 | X62: =R62 -> 7563.072 | AV62: =AY62 -> 44944.368 | AW62: =BO62 -> 44960.812 | AX62: =AW62-AV62 -> 16.444444 | AY62: 44944.368 | AZ62: 44946.83 | BA62: 44948.392 | BB62: 44948.503 | BC62: 44948.656 | BD62: 44948.663 | BE62: 44948.663 | BF62: =BE62+(41/24) -> 44950.372 | BG62: 44955.292 | BH62: 44955.458 | BI62: 44955.372 | BJ62: 44956.611 | BK62: 44959.938 | BL62: 44960.472 | BM62: 44960.493 | BN62: 44960.493 | BO62: 44960.812 | BR62: =(BA62-AZ62)*24 -> 37.5 | BS62: =(BC62-BB62)*24 -> 3.6666667 | BT62: =(BF62-BE62)*24 -> 41 | BU62: =(BJ62-BH62)*24 -> 27.666667 | BV62: =(BL62-BK62)*24 -> 12.833333 | BW62: =(BO62-BN62)*24 -> 7.6666667 | BX62: =SUM(BR62:BW62)/24 -> 5.4305556 | BY62: =AX62 -> 16.444444 | BZ62: =BX62/BY62 -> 0.33023649
A63: =BB63 -> 44947.613 | B63: DONE/FIX | C63: BUNYUT | D63: STTC | E63: MV. ASTARTE | G63: 44949.729 | H63: 44949.722 | I63: BEK-MBR | J63: Completed | K63: Completed | L63: BEK-2301-049 | N63: SELERA 3 | O63: RMN 337 | P63: BEK HCVMS | Q63: =3128*2.4 -> 7507.2 | R63: 6697.767 | X63: =R63 -> 6697.767 | AV63: =AY63 -> 44944.375 | AW63: =BO63 -> 44958.719 | AX63: =AW63-AV63 -> 14.34375 | AY63: 44944.375 | AZ63: 44945.847 | BA63: 44947.458 | BB63: 44947.613 | BC63: 44947.728 | BD63: 44947.736 | BE63: 44947.736 | BF63: =BE63+(41/24) -> 44949.444 | BG63: 44949.25 | BH63: 44949.417 | BI63: 44949.41 | BJ63: 44954.198 | BK63: 44958.243 | BL63: 44958.41 | BM63: 44958.431 | BN63: 44958.431 | BO63: 44958.719 | BP63: Subs.of BG. RMN 336 | BR63: =(BA63-AZ63)*24 -> 38.666667 | BS63: =(BC63-BB63)*24 -> 2.7666667 | BT63: =(BF63-BE63)*24 -> 41 | BU63: =(BJ63-BH63)*24 -> 114.75 | BV63: =(BL63-BK63)*24 -> 4 | BW63: =(BO63-BN63)*24 -> 6.9166667 | BX63: =SUM(BR63:BW63)/24 -> 8.6708333 | BY63: =AX63 -> 14.34375 | BZ63: =BX63/BY63 -> 0.60450254
A64: =BB64 -> 44948.685 | B64: DONE/FIX | C64: BUNYUT | D64: TC | E64: MV. ASTARTE | G64: 44949.729 | H64: 44949.722 | I64: BEK-MBR | J64: Completed | K64: Completed | L64: BEK-2301-050 | N64: KINGFISHER 518 | O64: ASIA RIDER 801 | P64: BEK HCVMS | Q64: =3097*2.4 -> 7432.8 | R64: 7427.05 | X64: =R64 -> 7427.05 | AV64: =AY64 -> 44945.698 | AW64: =BO64 -> 44958.604 | AX64: =AW64-AV64 -> 12.90625 | AY64: 44945.698 | AZ64: 44946.365 | BA64: 44947.979 | BB64: 44948.685 | BC64: 44948.851 | BD64: 44948.858 | BE64: 44948.292 | BF64: =BE64+(41/24) -> 44950 | BG64: 44951.25 | BH64: 44951.417 | BI64: 44951.417 | BJ64: 44954.188 | BK64: 44957.976 | BL64: 44958.181 | BM64: 44958.201 | BN64: 44958.292 | BO64: 44958.604 | BR64: =(BA64-AZ64)*24 -> 38.75 | BS64: =(BC64-BB64)*24 -> 3.9666667 | BT64: =(BF64-BE64)*24 -> 41 | BU64: =(BJ64-BH64)*24 -> 66.5 | BV64: =(BL64-BK64)*24 -> 4.9166667 | BW64: =(BO64-BN64)*24 -> 7.5 | BX64: =SUM(BR64:BW64)/24 -> 6.7763889 | BY64: =AX64 -> 12.90625 | BZ64: =BX64/BY64 -> 0.52504708
A65: =BB65 -> 44948.337 | B65: DONE/FIX | C65: BUNYUT | D65: STTC | E65: MV. ASTARTE | G65: 44949.729 | H65: 44949.722 | I65: BEK-MBR | J65: Completed | K65: Completed | L65: BEK-2301-051 | N65: DELTA AYU 268 | O65: KALIMANTAN ABADI 02 | P65: BEK HCVMS | Q65: =3117*2.4 -> 7480.8 | R65: 7130.765 | X65: =R65 -> 7130.765 | AV65: =AY65 -> 44945.708 | AW65: =BO65 -> 44958.993 | AX65: =AW65-AV65 -> 13.284722 | AY65: 44945.708 | AZ65: 44946.844 | BA65: 44948.295 | BB65: 44948.337 | BC65: 44948.476 | BD65: 44948.479 | BE65: 44948.479 | BF65: =BE65+(41/24) -> 44950.188 | BG65: 44952.25 | BH65: 44952.417 | BI65: 44952.417 | BJ65: 44954.212 | BK65: 44958.472 | BL65: 44958.677 | BM65: 44958.698 | BN65: 44958.698 | BO65: 44958.993 | BR65: =(BA65-AZ65)*24 -> 34.833333 | BS65: =(BC65-BB65)*24 -> 3.3333333 | BT65: =(BF65-BE65)*24 -> 41 | BU65: =(BJ65-BH65)*24 -> 43.083333 | BV65: =(BL65-BK65)*24 -> 4.9166667 | BW65: =(BO65-BN65)*24 -> 7.0833333 | BX65: =SUM(BR65:BW65)/24 -> 5.59375 | BY65: =AX65 -> 13.284722 | BZ65: =BX65/BY65 -> 0.42106639
A66: =BB66 -> 44954.806 | B66: DONE/FIX | C66: BUNYUT | D66: STTC | E66: MV. NINGBO INNOVATION | F66: MV. GOLDEN REJEKI | G66: 44961.854 | H66: 44961.896 | I66: BEK-BoCT | J66: Completed | K66: Completed | L66: BEK-2301-052 | N66: BERAU COAL 8 | O66: ROBBY 132 | P66: BEK MCVLS | Q66: =3136*2.4 -> 7526.4 | R66: 7402.668 | W66: =R66 -> 7402.668 | AV66: =AY66 -> 44945.861 | AW66: =BO66 -> 44961.604 | AX66: =AW66-AV66 -> 15.743056 | AY66: 44945.861 | AZ66: 44950.826 | BA66: 44952.688 | BB66: 44954.806 | BC66: 44954.99 | BD66: 44954.997 | BE66: 44955.274 | BF66: =BE66+(41/24) -> 44956.983 | BG66: 44957.333 | BH66: 44957.5 | BI66: 44957.465 | BJ66: 44959.188 | BK66: 44960.517 | BL66: 44960.733 | BM66: 44960.747 | BN66: 44961.017 | BO66: 44961.604 | BR66: =(BA66-AZ66)*24 -> 44.666667 | BS66: =(BC66-BB66)*24 -> 4.4166667 | BT66: =(BF66-BE66)*24 -> 41 | BU66: =(BJ66-BH66)*24 -> 40.5 | BV66: =(BL66-BK66)*24 -> 5.1666667 | BW66: =(BO66-BN66)*24 -> 14.083333 | BX66: =SUM(BR66:BW66)/24 -> 6.2430556 | BY66: =AX66 -> 15.743056 | BZ66: =BX66/BY66 -> 0.39655933
A67: =BB67 -> 44949.337 | B67: DONE/FIX | C67: BUNYUT | D67: STTC | E67: MV. ASTARTE | G67: 44949.729 | H67: 44949.722 | I67: BEK-MBR | J67: Completed | K67: Completed | L67: BEK-2301-053 | N67: BERAU COAL 9 | O67: ROBBY 337 | P67: BEK HCVMS | Q67: =3139*2.4 -> 7533.6 | R67: 7437.801 | X67: =R67 -> 7437.801 | AV67: =AY67 -> 44946.309 | AW67: =BO67 -> 44959.264 | AX67: =AW67-AV67 -> 12.954861 | AY67: 44946.309 | AZ67: 44947.365 | BA67: 44948.917 | BB67: 44949.337 | BC67: 44949.476 | BD67: 44949.479 | BE67: 44949.479 | BF67: =BE67+(41/24) -> 44951.188 | BG67: 44951.25 | BH67: 44951.417 | BI67: 44951.413 | BJ67: 44954.104 | BK67: 44958.74 | BL67: 44958.924 | BM67: 44958.944 | BN67: 44958.944 | BO67: 44959.264 | BR67: =(BA67-AZ67)*24 -> 37.25 | BS67: =(BC67-BB67)*24 -> 3.3333333 | BT67: =(BF67-BE67)*24 -> 41 | BU67: =(BJ67-BH67)*24 -> 64.5 | BV67: =(BL67-BK67)*24 -> 4.4166667 | BW67: =(BO67-BN67)*24 -> 7.6666667 | BX67: =SUM(BR67:BW67)/24 -> 6.5902778 | BY67: =AX67 -> 12.954861 | BZ67: =BX67/BY67 -> 0.5087108
A68: =BB68 -> 44949.809 | B68: DONE/FIX | C68: BUNYUT | D68: STTC | E68: MV. ZHONGHAIHUARUN 1 | G68: 44952.667 | H68: 44952.694 | I68: BEK-MBR | J68: Completed | K68: Completed | L68: BEK-2301-054 | N68: HARMONY VII | O68: LINTAS SAMUDERA 89 | P68: BEK HCVMS | Q68: =3139*2.4 -> 7533.6 | R68: 7321 | X68: =R68 -> 7321 | AV68: =AY68 -> 44946.347 | AW68: =BO68 -> 44961.646 | AX68: =AW68-AV68 -> 15.298611 | AY68: 44946.347 | AZ68: 44947.889 | BA68: 44949.771 | BB68: 44949.809 | BC68: 44949.938 | BD68: 44949.944 | BE68: 44950.292 | BF68: =BE68+(41/24) -> 44952 | BG68: 44952.25 | BH68: 44952.417 | BI68: 44952.292 | BJ68: 44960.632 | BK68: 44960.875 | BL68: 44961.201 | BM68: 44961.219 | BN68: 44961.219 | BO68: 44961.646 | BR68: =(BA68-AZ68)*24 -> 45.166667 | BS68: =(BC68-BB68)*24 -> 3.0833333 | BT68: =(BF68-BE68)*24 -> 41 | BU68: =(BJ68-BH68)*24 -> 197.16667 | BV68: =(BL68-BK68)*24 -> 7.8333333 | BW68: =(BO68-BN68)*24 -> 10.25 | BX68: =SUM(BR68:BW68)/24 -> 12.6875 | BY68: =AX68 -> 15.298611 | BZ68: =BX68/BY68 -> 0.82932365
A69: =BB69 -> 44949.809 | B69: DONE/FIX | C69: BUNYUT | D69: STTC | E69: MV. ASTARTE | G69: 44949.729 | H69: 44949.722 | I69: BEK-MBR | J69: Completed | K69: Completed | L69: BEK-2301-054 | N69: HARMONY VII | O69: LINTAS SAMUDERA 89 | P69: BEK HCVMS | Q69: =3139*2.4 -> 7533.6 | R69: =7500.438-6948.689 -> 551.749 | X69: =R69 -> 551.749 | AV69: =AY69 -> 44946.347 | AW69: =BO69 -> 44960.632 | AX69: =AW69-AV69 -> 14.284722 | AY69: 44946.347 | AZ69: 44947.889 | BA69: 44949.771 | BB69: 44949.809 | BC69: 44949.938 | BD69: 44949.944 | BE69: 44950.292 | BF69: =BE69+(41/24) -> 44952 | BG69: 44952.25 | BH69: 44952.417 | BI69: 44952.292 | BJ69: 44954.278 | BK69: 44960.59 | BL69: 44960.615 | BM69: 44960.632 | BN69: 44960.632 | BO69: 44960.632 | BR69: =(BA69-AZ69)*24 -> 45.166667 | BS69: =(BC69-BB69)*24 -> 3.0833333 | BT69: =(BF69-BE69)*24 -> 41 | BU69: =(BJ69-BH69)*24 -> 44.666667 | BV69: =(BL69-BK69)*24 -> 0.58333333 | BW69: =(BO69-BN69)*24 -> 0 | BX69: =SUM(BR69:BW69)/24 -> 5.6041667 | BY69: =AX69 -> 14.284722 | BZ69: =BX69/BY69 -> 0.39231891
A70: =BB70 -> 44948.899 | B70: DONE/FIX | C70: BUNYUT | D70: TC | E70: MV. ASTARTE | G70: 44949.729 | H70: 44949.722 | I70: BEK-MBR | J70: Completed | K70: Completed | L70: BEK-2301-055 | N70: KINGFISHER 508 | O70: ASIA STAR 818 | P70: BEK HCVMS | Q70: =3146*2.4 -> 7550.4 | R70: 7590.795 | X70: =R70 -> 7590.795 | AV70: =AY70 -> 44946.403 | AW70: =BO70 -> 44959.764 | AX70: =AW70-AV70 -> 13.361111 | AY70: 44946.403 | AZ70: 44946.833 | BA70: 44948.5 | BB70: 44948.899 | BC70: 44949.059 | BD70: 44949.066 | BE70: 44949.271 | BF70: =BE70+(41/24) -> 44950.979 | BG70: 44951.25 | BH70: 44951.417 | BI70: 44951.417 | BJ70: 44954.417 | BK70: 44959.219 | BL70: 44959.389 | BM70: 44959.41 | BN70: 44959.41 | BO70: 44959.764 | BR70: =(BA70-AZ70)*24 -> 40 | BS70: =(BC70-BB70)*24 -> 3.8333333 | BT70: =(BF70-BE70)*24 -> 41 | BU70: =(BJ70-BH70)*24 -> 72 | BV70: =(BL70-BK70)*24 -> 4.0833333 | BW70: =(BO70-BN70)*24 -> 8.5 | BX70: =SUM(BR70:BW70)/24 -> 7.0590278 | BY70: =AX70 -> 13.361111 | BZ70: =BX70/BY70 -> 0.5283264
A71: =BB71 -> 44950.463 | B71: DONE/FIX | C71: BUNYUT | D71: STTC | E71: MV. ASTARTE | G71: 44949.729 | H71: 44949.722 | I71: BEK-MBR | J71: Completed | K71: Completed | L71: BEK-2301-056 | N71: KSA 52 | O71: RMN 357 | P71: BEK HCVMS | Q71: =3100*2.4 -> 7440 | R71: 7469.219 | X71: =R71 -> 7469.219 | AV71: =AY71 -> 44946.51 | AW71: =BO71 -> 44959.979 | AX71: =AW71-AV71 -> 13.46875 | AY71: 44946.51 | AZ71: 44948.594 | BA71: 44950.326 | BB71: 44950.463 | BC71: 44950.467 | BD71: 44950.467 | BE71: 44950.467 | BF71: =BE71+(41/24) -> 44952.175 | BG71: 44954.292 | BH71: 44954.458 | BI71: 44954.403 | BJ71: 44955.413 | BK71: 44959.493 | BL71: 44959.681 | BM71: 44959.701 | BN71: 44959.701 | BO71: 44959.979 | BR71: =(BA71-AZ71)*24 -> 41.583333 | BS71: =(BC71-BB71)*24 -> 0.1 | BT71: =(BF71-BE71)*24 -> 41 | BU71: =(BJ71-BH71)*24 -> 22.916667 | BV71: =(BL71-BK71)*24 -> 4.5 | BW71: =(BO71-BN71)*24 -> 6.6666667 | BX71: =SUM(BR71:BW71)/24 -> 4.8652778 | BY71: =AX71 -> 13.46875 | BZ71: =BX71/BY71 -> 0.36122712
A72: =BB72 -> 44949.503 | B72: DONE/FIX | C72: BUNYUT | D72: TC | E72: MV. ASTARTE | G72: 44949.729 | H72: 44949.722 | I72: BEK-MBR | J72: Completed | K72: Completed | L72: BEK-2301-057 | N72: GHITHA 02 | O72: GSN 02 | P72: BEK HCVMS | Q72: =3107*2.4 -> 7456.8 | R72: 7453.846 | X72: =R72 -> 7453.846 | AV72: =AY72 -> 44946.74 | AW72: =BO72 -> 44959.542 | AX72: =AW72-AV72 -> 12.801389 | AY72: 44946.74 | AZ72: 44947.858 | BA72: 44949.458 | BB72: 44949.503 | BC72: 44949.642 | BD72: 44949.646 | BE72: 44949.646 | BF72: =BE72+(41/24) -> 44951.354 | BG72: 44952.25 | BH72: 44952.417 | BI72: 44952.293 | BJ72: 44954.358 | BK72: 44958.986 | BL72: 44959.156 | BM72: 44959.177 | BN72: 44959.25 | BO72: 44959.542 | BR72: =(BA72-AZ72)*24 -> 38.416667 | BS72: =(BC72-BB72)*24 -> 3.3333333 | BT72: =(BF72-BE72)*24 -> 41 | BU72: =(BJ72-BH72)*24 -> 46.583333 | BV72: =(BL72-BK72)*24 -> 4.0833333 | BW72: =(BO72-BN72)*24 -> 7 | BX72: =SUM(BR72:BW72)/24 -> 5.8506944 | BY72: =AX72 -> 12.801389 | BZ72: =BX72/BY72 -> 0.45703591
A73: =BB73 -> 44953.927 | B73: DONE/FIX | C73: BUNYUT | D73: STTC | E73: MV. NINGBO INNOVATION | F73: MV. GOLDEN REJEKI | G73: 44961.854 | H73: 44961.896 | I73: BEK-BoCT | J73: Completed | K73: Completed | L73: BEK-2301-058 | N73: DELTA AYU 328 | O73: KALIMANTAN TUJUH | P73: BEK MCVLS | Q73: =3107*2.4 -> 7456.8 | R73: 7542.757 | W73: =R73 -> 7542.757 | AV73: =AY73 -> 44948.479 | AW73: =BO73 -> 44960.417 | AX73: =AW73-AV73 -> 11.9375 | AY73: 44948.479 | AZ73: 44950.833 | BA73: 44952.035 | BB73: 44953.927 | BC73: 44954.09 | BD73: 44954.094 | BE73: 44954.094 | BF73: =BE73+(41/24) -> 44955.802 | BG73: 44956.333 | BH73: 44956.5 | BI73: 44956.365 | BJ73: 44958.003 | BK73: 44959.014 | BL73: 44959.427 | BM73: 44959.441 | BN73: 44959.865 | BO73: 44960.417 | BR73: =(BA73-AZ73)*24 -> 28.833333 | BS73: =(BC73-BB73)*24 -> 3.9166667 | BT73: =(BF73-BE73)*24 -> 41 | BU73: =(BJ73-BH73)*24 -> 36.083333 | BV73: =(BL73-BK73)*24 -> 9.9166667 | BW73: =(BO73-BN73)*24 -> 13.25 | BX73: =SUM(BR73:BW73)/24 -> 5.5416667 | BY73: =AX73 -> 11.9375 | BZ73: =BX73/BY73 -> 0.46422339
A74: =BB74 -> 44954.618 | B74: DONE/FIX | C74: BUNYUT | D74: STTC | E74: MV. NINGBO INNOVATION | F74: MV. GOLDEN REJEKI | G74: 44961.854 | H74: 44961.896 | I74: BEK-BoCT | J74: Completed | K74: Completed | L74: BEK-2301-059 | N74: PIONEER II | O74: RMN 351 | P74: BEK MCVLS | Q74: =3107*2.4 -> 7456.8 | R74: 7522.381 | W74: =R74 -> 7522.381 | AV74: =AY74 -> 44947.378 | AW74: =BO74 -> 44962.08 | AX74: =AW74-AV74 -> 14.701389 | AY74: 44947.378 | AZ74: 44950.812 | BA74: 44952.542 | BB74: 44954.618 | BC74: 44954.726 | BD74: 44954.729 | BE74: 44954.729 | BF74: =BE74+(41/24) -> 44956.438 | BG74: 44957.333 | BH74: 44957.5 | BI74: 44957.427 | BJ74: 44959.253 | BK74: 44960.816 | BL74: 44961.653 | BM74: 44961.674 | BN74: 44961.674 | BO74: 44962.08 | BR74: =(BA74-AZ74)*24 -> 41.5 | BS74: =(BC74-BB74)*24 -> 2.5833333 | BT74: =(BF74-BE74)*24 -> 41 | BU74: =(BJ74-BH74)*24 -> 42.083333 | BV74: =(BL74-BK74)*24 -> 20.083333 | BW74: =(BO74-BN74)*24 -> 9.75 | BX74: =SUM(BR74:BW74)/24 -> 6.5416667 | BY74: =AX74 -> 14.701389 | BZ74: =BX74/BY74 -> 0.4449693
A75: =BB75 -> 44951.451 | B75: DONE/FIX | C75: BUNYUT | D75: TC | E75: MV. ZHONGHAIHUARUN 1 | G75: 44952.667 | H75: 44952.694 | I75: BEK-MBR | J75: Completed | K75: Completed | L75: BEK-2301-060 | N75: GHITHA 01 | O75: GSN 01 | P75: BEK MCVLS | Q75: =3107*2.4 -> 7456.8 | R75: 7466.659 | W75: =R75 -> 7466.659 | AV75: =AY75 -> 44947.448 | AW75: =BO75 -> 44959.278 | AX75: =AW75-AV75 -> 11.829861 | AY75: 44947.448 | AZ75: 44949.562 | BA75: 44951.146 | BB75: 44951.451 | BC75: 44951.604 | BD75: 44951.608 | BE75: 44951.608 | BF75: =BE75+(41/24) -> 44953.316 | BG75: 44953.292 | BH75: 44953.458 | BI75: 44953.302 | BJ75: 44955.292 | BK75: 44958.59 | BL75: 44958.889 | BM75: 44958.903 | BN75: 44958.903 | BO75: 44959.278 | BR75: =(BA75-AZ75)*24 -> 38 | BS75: =(BC75-BB75)*24 -> 3.6666667 | BT75: =(BF75-BE75)*24 -> 41 | BU75: =(BJ75-BH75)*24 -> 44 | BV75: =(BL75-BK75)*24 -> 7.1666667 | BW75: =(BO75-BN75)*24 -> 9 | BX75: =SUM(BR75:BW75)/24 -> 5.9513889 | BY75: =AX75 -> 11.829861 | BZ75: =BX75/BY75 -> 0.50308189
D76: TC | J76: DOCKING | L76: BEK-2301-061 | N76: BERAU COAL 26 | O76: ROBBY 116 | Q76: =3852*2.4 -> 9244.8 | AV76: =AY76 -> 44947.493 | AW76: =BO76 -> 44958 | AX76: =AW76-AV76 -> 10.506944 | AY76: 44947.493 | BO76: 44958 | BP76: Subs.of TB. BLORO 10 | BR76: =(BA76-AZ76)*24 -> 0 | BS76: =(BC76-BB76)*24 -> 0 | BT76: =(BF76-BE76)*24 -> 0 | BU76: =(BJ76-BH76)*24 -> 0 | BV76: =(BL76-BK76)*24 -> 0 | BW76: =(BO76-BN76)*24 -> 1078992 | BX76: =SUM(BR76:BW76)/24 -> 44958 | BY76: =AX76 -> 10.506944 | BZ76: =BX76/BY76 -> 4278.8843
A77: =BB77 -> 44951.212 | B77: DONE/FIX | C77: BUNYUT | D77: STTC | E77: MV. ZHONGHAIHUARUN 1 | G77: 44952.667 | H77: 44952.694 | I77: BEK-MBR | J77: Completed | K77: Completed | L77: BEK-2301-062 | N77: KSA 129 | O77: RMN 329 | P77: BEK MCVLS | Q77: =3142*2.4 -> 7540.8 | R77: 7535.213 | W77: =R77 -> 7535.213 | AV77: =AY77 -> 44946.938 | AW77: =BO77 -> 44961.549 | AX77: =AW77-AV77 -> 14.611111 | AY77: 44946.938 | AZ77: 44949.705 | BA77: 44951.132 | BB77: 44951.212 | BC77: 44951.425 | BD77: 44951.431 | BE77: 44951.431 | BF77: =BE77+(41/24) -> 44953.139 | BG77: 44953.292 | BH77: 44953.458 | BI77: 44953.337 | BJ77: 44956.319 | BK77: 44960.875 | BL77: 44961.201 | BM77: 44961.257 | BN77: 44961.257 | BO77: 44961.549 | BR77: =(BA77-AZ77)*24 -> 34.25 | BS77: =(BC77-BB77)*24 -> 5.1166667 | BT77: =(BF77-BE77)*24 -> 41 | BU77: =(BJ77-BH77)*24 -> 68.666667 | BV77: =(BL77-BK77)*24 -> 7.8333333 | BW77: =(BO77-BN77)*24 -> 7 | BX77: =SUM(BR77:BW77)/24 -> 6.8277778 | BY77: =AX77 -> 14.611111 | BZ77: =BX77/BY77 -> 0.46730038
A78: =BB78 -> 44950.74 | B78: DONE/FIX | C78: BUNYUT | D78: TC | E78: MV. ZHONGHAIHUARUN 1 | G78: 44952.667 | H78: 44952.694 | I78: BEK-MBR | J78: Completed | K78: Completed | L78: BEK-2301-063 | N78: TEMAN SEJATI II | O78: ROBBY 106 | P78: BEK MCVLS | Q78: =3852*2.4 -> 9244.8 | R78: 8133.328 | W78: =R78 -> 8133.328 | AV78: =AY78 -> 44948.219 | AW78: =BO78 -> 44958.625 | AX78: =AW78-AV78 -> 10.40625 | AY78: 44948.219 | AZ78: 44948.823 | BA78: 44950.594 | BB78: 44950.74 | BC78: 44950.743 | BD78: 44950.743 | BE78: =BD78+(0.5/24) -> 44950.764 | BF78: =BE78+(41/24) -> 44952.472 | BG78: 44953.292 | BH78: 44953.458 | BI78: 44953.33 | BJ78: 44955.118 | BK78: 44957.965 | BL78: 44958.25 | BM78: 44958.264 | BN78: 44958.264 | BO78: 44958.625 | BR78: =(BA78-AZ78)*24 -> 42.5 | BS78: =(BC78-BB78)*24 -> 0.083333333 | BT78: =(BF78-BE78)*24 -> 41 | BU78: =(BJ78-BH78)*24 -> 39.833333 | BV78: =(BL78-BK78)*24 -> 6.8333333 | BW78: =(BO78-BN78)*24 -> 8.6666667 | BX78: =SUM(BR78:BW78)/24 -> 5.7881944 | BY78: =AX78 -> 10.40625 | BZ78: =BX78/BY78 -> 0.55622289
A79: =BB79 -> 44954.118 | B79: DONE/FIX | C79: BUNYUT | D79: STTC | E79: MV. NINGBO INNOVATION | F79: MV. GOLDEN REJEKI | G79: 44961.854 | H79: 44961.896 | I79: BEK-BoCT | J79: Completed | K79: Completed | L79: BEK-2301-064 | N79: LINTAS SAMUDERA 31 | O79: LINTAS SAMUDERA XVIII | P79: BEK MCVLS | Q79: =3128*2.4 -> 7507.2 | R79: 7427.4 | W79: =R79 -> 7427.4 | AV79: =AY79 -> 44949.542 | AW79: =BO79 -> 44961.549 | AX79: =AW79-AV79 -> 12.006944 | AY79: 44949.542 | AZ79: 44950.604 | BA79: 44952.465 | BB79: 44954.118 | BC79: 44954.236 | BD79: 44954.24 | BE79: 44954.24 | BF79: =BE79+(41/24) -> 44955.948 | BG79: 44956.333 | BH79: 44956.5 | BI79: 44956.417 | BJ79: 44958.139 | BK79: 44959.833 | BL79: 44960.097 | BM79: 44960.115 | BN79: 44961.021 | BO79: 44961.549 | BR79: =(BA79-AZ79)*24 -> 44.666667 | BS79: =(BC79-BB79)*24 -> 2.8333333 | BT79: =(BF79-BE79)*24 -> 41 | BU79: =(BJ79-BH79)*24 -> 39.333333 | BV79: =(BL79-BK79)*24 -> 6.3333333 | BW79: =(BO79-BN79)*24 -> 12.666667 | BX79: =SUM(BR79:BW79)/24 -> 6.1180556 | BY79: =AX79 -> 12.006944 | BZ79: =BX79/BY79 -> 0.50954309
A80: =BB80 -> 44951.632 | B80: DONE/FIX | C80: BUNYUT | D80: STTC | E80: MV. ZHONGHAIHUARUN 1 | G80: 44952.667 | H80: 44952.694 | I80: BEK-MBR | J80: Completed | K80: Completed | L80: BEK-2301-065 | N80: KINGSTON 626 | O80: ASIA TRANS 310 | P80: BEK MCVLS | Q80: =4118*2.4 -> 9883.2 | R80: =8745.888-1236.72700000001 -> 7509.161 | W80: =R80 -> 7509.161 | AV80: =AY80 -> 44948.766 | AW80: =BO80 -> 44961.59 | AX80: =AW80-AV80 -> 12.824306 | AY80: 44948.766 | AZ80: 44949.812 | BA80: 44951.444 | BB80: 44951.632 | BC80: 44951.878 | BD80: 44951.885 | BE80: 44951.885 | BF80: =BE80+(41/24) -> 44953.594 | BG80: 44954.292 | BH80: 44954.458 | BI80: 44954.33 | BJ80: 44955.517 | BK80: 44961.257 | BL80: 44961.538 | BM80: 44961.59 | BN80: 44961.59 | BO80: 44961.59 | BR80: =(BA80-AZ80)*24 -> 39.166667 | BS80: =(BC80-BB80)*24 -> 5.9166667 | BT80: =(BF80-BE80)*24 -> 41 | BU80: =(BJ80-BH80)*24 -> 25.416667 | BV80: =(BL80-BK80)*24 -> 6.75 | BW80: =(BO80-BN80)*24 -> 0 | BX80: =SUM(BR80:BW80)/24 -> 4.9270833 | BY80: =AX80 -> 12.824306 | BZ80: =BX80/BY80 -> 0.38419884
A81: =BB81 -> 44951.632 | B81: DONE/FIX | C81: BUNYUT | D81: STTC | E81: MV. CEDRIC OLDENDORFF | G81: 44955.896 | H81: 44955.896 | I81: BEK-MBR | J81: Completed | K81: Completed | L81: BEK-2301-065 | N81: KINGSTON 626 | O81: ASIA TRANS 310 | P81: BEK MCVLS | Q81: =4118*2.4 -> 9883.2 | R81: 1310.026 | W81: =R81 -> 1310.026 | AV81: =AY81 -> 44948.766 | AW81: =BO81 -> 44963.812 | AX81: =AW81-AV81 -> 15.046528 | AY81: 44948.766 | AZ81: 44949.812 | BA81: 44951.444 | BB81: 44951.632 | BC81: 44951.878 | BD81: 44951.885 | BE81: 44951.885 | BF81: =BE81+(41/24) -> 44953.594 | BG81: 44954.292 | BH81: 44954.458 | BI81: 44954.33 | BJ81: 44961.59 | BK81: 44963.413 | BL81: 44963.528 | BM81: 44963.542 | BN81: 44963.542 | BO81: 44963.812 | BR81: =(BA81-AZ81)*24 -> 39.166667 | BS81: =(BC81-BB81)*24 -> 5.9166667 | BT81: =(BF81-BE81)*24 -> 41 | BU81: =(BJ81-BH81)*24 -> 171.16667 | BV81: =(BL81-BK81)*24 -> 2.75 | BW81: =(BO81-BN81)*24 -> 6.5 | BX81: =SUM(BR81:BW81)/24 -> 11.104167 | BY81: =AX81 -> 15.046528 | BZ81: =BX81/BY81 -> 0.73798865
A82: =BB82 -> 44955.809 | B82: DONE/FIX | C82: BUNYUT | D82: TC | E82: MV. GOLDEN REJEKI | G82: 44956.833 | H82: 44956.833 | I82: BEK-MBR | J82: Completed | K82: Completed | L82: BEK-2301-066 | N82: VES FAIR 10 | O82: ROBBY 104 | P82: BEK BLEND TS 0.95 MAX | Q82: =3852*2.4 -> 9244.8 | R82: 8901.4 | W82: =R82*0.6 -> 5340.84 | X82: =R82*0.4 -> 3560.56 | AV82: =AY82 -> 44949.826 | AW82: =BO82 -> 44963.088 | AX82: =AW82-AV82 -> 13.261806 | AY82: 44949.826 | AZ82: 44951.812 | BA82: 44953.396 | BB82: 44955.809 | BC82: 44955.969 | BD82: 44955.972 | BE82: 44956.271 | BF82: =BE82+(41/24) -> 44957.979 | BG82: 44958.5 | BH82: 44958.667 | BI82: 44958.611 | BJ82: 44959.625 | BK82: 44962.312 | BL82: 44962.733 | BM82: 44962.753 | BN82: 44962.753 | BO82: 44963.088 | BR82: =(BA82-AZ82)*24 -> 38 | BS82: =(BC82-BB82)*24 -> 3.8333333 | BT82: =(BF82-BE82)*24 -> 41 | BU82: =(BJ82-BH82)*24 -> 23 | BV82: =(BL82-BK82)*24 -> 10.083333 | BW82: =(BO82-BN82)*24 -> 8.0333333 | BX82: =SUM(BR82:BW82)/24 -> 5.1645833 | BY82: =AX82 -> 13.261806 | BZ82: =BX82/BY82 -> 0.3894329
A83: =BB83 -> 44951.173 | B83: DONE/FIX | C83: BUNYUT | D83: STTC | E83: MV. ZHONGHAIHUARUN 1 | G83: 44952.667 | H83: 44952.694 | I83: BEK-MBR | J83: Completed | K83: Completed | L83: BEK-2301-067 | N83: KSA 99 | O83: ARMADA KALTIM 3003 | P83: BEK MCVLS | Q83: =3047*2.4 -> 7312.8 | R83: 7416.921 | W83: =R83 -> 7416.921 | AV83: =AY83 -> 44948.812 | AW83: =BO83 -> 44958.788 | AX83: =AW83-AV83 -> 9.9756944 | AY83: 44948.812 | AZ83: 44949.562 | BA83: 44951.048 | BB83: 44951.173 | BC83: 44951.184 | BD83: 44951.288 | BE83: =BD83+(0.5/24) -> 44951.309 | BF83: =BE83+(41/24) -> 44953.017 | BG83: 44953.292 | BH83: 44953.458 | BI83: 44953.312 | BJ83: 44955.514 | BK83: 44958.292 | BL83: 44958.521 | BM83: 44958.538 | BN83: 44958.538 | BO83: 44958.788 | BR83: =(BA83-AZ83)*24 -> 35.65 | BS83: =(BC83-BB83)*24 -> 0.26666667 | BT83: =(BF83-BE83)*24 -> 41 | BU83: =(BJ83-BH83)*24 -> 49.333333 | BV83: =(BL83-BK83)*24 -> 5.5 | BW83: =(BO83-BN83)*24 -> 6 | BX83: =SUM(BR83:BW83)/24 -> 5.7395833 | BY83: =AX83 -> 9.9756944 | BZ83: =BX83/BY83 -> 0.57535677
A84: =BB84 -> 44953.743 | B84: DONE/FIX | C84: BUNYUT | D84: STTC | E84: MV. NINGBO INNOVATION | F84: MV. GOLDEN REJEKI | G84: 44961.854 | H84: 44961.896 | I84: BEK-BoCT | J84: Completed | K84: Completed | L84: BEK-2301-068 | N84: ATK 2010 | O84: ISA 309 | P84: BEK MCVLS | Q84: =3113*2.4 -> 7471.2 | R84: 7411.289 | W84: =R84 -> 7411.289 | AV84: =AY84 -> 44949.399 | AW84: =BO84 -> 44959.396 | AX84: =AW84-AV84 -> 9.9965278 | AY84: 44949.399 | AZ84: 44949.83 | BA84: 44951.333 | BB84: 44953.743 | BC84: 44953.903 | BD84: 44953.906 | BE84: 44953.906 | BF84: =BE84+(41/24) -> 44955.615 | BG84: 44955.292 | BH84: 44955.458 | BI84: 44955.472 | BJ84: 44957.101 | BK84: 44958.639 | BL84: 44958.938 | BM84: 44958.976 | BN84: 44958.979 | BO84: 44959.396 | BR84: =(BA84-AZ84)*24 -> 36.083333 | BS84: =(BC84-BB84)*24 -> 3.8333333 | BT84: =(BF84-BE84)*24 -> 41 | BU84: =(BJ84-BH84)*24 -> 39.416667 | BV84: =(BL84-BK84)*24 -> 7.1666667 | BW84: =(BO84-BN84)*24 -> 10 | BX84: =SUM(BR84:BW84)/24 -> 5.7291667 | BY84: =AX84 -> 9.9965278 | BZ84: =BX84/BY84 -> 0.57311567
A85: =BB85 -> 44955.021 | B85: DONE/FIX | C85: BUNYUT | D85: TC | E85: MV. NINGBO INNOVATION | F85: MV. GOLDEN REJEKI | G85: 44961.854 | H85: 44961.896 | I85: BEK-BoCT | J85: Completed | K85: Completed | L85: BEK-2301-069 | N85: KINGFISHER 201 | O85: ASIA RIDER 601 | P85: BEK MCVLS | Q85: =3156*2.4 -> 7574.4 | R85: 7500.709 | W85: =R85 -> 7500.709 | AV85: =AY85 -> 44950.528 | AW85: =BO85 -> 44961.552 | AX85: =AW85-AV85 -> 11.024306 | AY85: 44950.528 | AZ85: 44951.628 | BA85: 44953.354 | BB85: 44955.021 | BC85: 44955.181 | BD85: 44955.188 | BE85: 44955.292 | BF85: =BE85+(41/24) -> 44957 | BG85: 44957.333 | BH85: 44957.5 | BI85: 44957.479 | BJ85: 44958.875 | BK85: 44960.201 | BL85: 44960.444 | BM85: 44960.458 | BN85: 44960.972 | BO85: 44961.552 | BR85: =(BA85-AZ85)*24 -> 41.416667 | BS85: =(BC85-BB85)*24 -> 3.8333333 | BT85: =(BF85-BE85)*24 -> 41 | BU85: =(BJ85-BH85)*24 -> 33 | BV85: =(BL85-BK85)*24 -> 5.8333333 | BW85: =(BO85-BN85)*24 -> 13.916667 | BX85: =SUM(BR85:BW85)/24 -> 5.7916667 | BY85: =AX85 -> 11.024306 | BZ85: =BX85/BY85 -> 0.52535433
A86: =BB86 -> 44956.705 | B86: DONE/FIX | C86: BUNYUT | D86: STTC | E86: MV. CEDRIC OLDENDORFF | G86: 44955.896 | H86: 44955.896 | I86: BEK-MBR | J86: Completed | K86: Completed | L86: BEK-2301-070 | N86: BLORO 10 | O86: ROBBY 136 | P86: BEK MCVLS | Q86: =3136*2.4 -> 7526.4 | R86: 7463.724 | W86: =R86 -> 7463.724 | AV86: =AY86 -> 44944.625 | AW86: =BO86 -> 44964.514 | AX86: =AW86-AV86 -> 19.888889 | AY86: 44944.625 | AZ86: 44952.802 | BA86: 44954.688 | BB86: 44956.705 | BC86: 44956.915 | BD86: 44956.92 | BE86: 44956.92 | BF86: =BE86+(41/24) -> 44958.628 | BG86: 44958.5 | BH86: 44958.667 | BI86: 44958.597 | BJ86: 44959.875 | BK86: 44963.903 | BL86: 44964.153 | BM86: 44964.174 | BN86: 44964.174 | BO86: 44964.514 | BP86: Subs.of TB. BERAU COAL 26 | BR86: =(BA86-AZ86)*24 -> 45.25 | BS86: =(BC86-BB86)*24 -> 5.05 | BT86: =(BF86-BE86)*24 -> 41 | BU86: =(BJ86-BH86)*24 -> 29 | BV86: =(BL86-BK86)*24 -> 6 | BW86: =(BO86-BN86)*24 -> 8.1666667 | BX86: =SUM(BR86:BW86)/24 -> 5.6027778 | BY86: =AX86 -> 19.888889 | BZ86: =BX86/BY86 -> 0.28170391
A87: =BB87 -> 44957.601 | B87: DONE/FIX | C87: BUNYUT | D87: STTC | E87: MV. CEDRIC OLDENDORFF | G87: 44955.896 | H87: 44955.896 | I87: BEK-MBR | J87: Completed | K87: Completed | L87: BEK-2301-071 | N87: SATRIA LAKSANA 98 | O87: SATRIA LAUT 3098 | P87: BEK MCVLS | Q87: =3039*2.4 -> 7293.6 | R87: 7438.419 | W87: =R87 -> 7438.419 | AV87: =AY87 -> 44955.156 | AW87: =BO87 -> 44963.49 | AX87: =AW87-AV87 -> 8.3333333 | AY87: 44955.156 | AZ87: 44955.889 | BA87: 44957.573 | BB87: 44957.601 | BC87: 44957.764 | BD87: 44957.774 | BE87: 44957.774 | BF87: =BE87+(41/24) -> 44959.483 | BG87: 44959.5 | BH87: 44959.667 | BI87: 44959.554 | BJ87: 44960.694 | BK87: =BK94 -> 44965.677 | BL87: 44963.017 | BM87: 44963.031 | BN87: 44963.233 | BO87: 44963.49 | BR87: =(BA87-AZ87)*24 -> 40.416667 | BS87: =(BC87-BB87)*24 -> 3.9166667 | BT87: =(BF87-BE87)*24 -> 41 | BU87: =(BJ87-BH87)*24 -> 24.666667 | BV87: =(BL87-BK87)*24 -> -63.833333 | BW87: =(BO87-BN87)*24 -> 6.1666667 | BX87: =SUM(BR87:BW87)/24 -> 2.1805556 | BY87: =AX87 -> 8.3333333 | BZ87: =BX87/BY87 -> 0.26166667
A88: =BB88 -> 44955.233 | B88: DONE/FIX | C88: BUNYUT | D88: STTC | E88: MV. NINGBO INNOVATION | F88: MV. GOLDEN REJEKI | G88: 44961.854 | H88: 44961.896 | I88: BEK-BoCT | J88: Completed | K88: Completed | L88: BEK-2301-072 | N88: ARMADA TIMUR 03 | O88: LINTAS SAMUDERA 95 | P88: BEK MCVLS | Q88: =3170*2.4 -> 7608 | R88: 7474.826 | W88: =R88 -> 7474.826 | AV88: =AY88 -> 44950.575 | AW88: =BO88 -> 44962.529 | AX88: =AW88-AV88 -> 11.954167 | AY88: 44950.575 | AZ88: 44951.816 | BA88: 44953.764 | BB88: 44955.233 | BC88: 44955.483 | BD88: 44955.486 | BE88: 44955.486 | BF88: =BE88+(41/24) -> 44957.194 | BG88: 44957.333 | BH88: 44957.5 | BI88: 44957.497 | BJ88: 44959.396 | BK88: 44961.455 | BL88: 44961.674 | BM88: 44961.691 | BN88: 44961.917 | BO88: 44962.529 | BR88: =(BA88-AZ88)*24 -> 46.75 | BS88: =(BC88-BB88)*24 -> 6 | BT88: =(BF88-BE88)*24 -> 41 | BU88: =(BJ88-BH88)*24 -> 45.5 | BV88: =(BL88-BK88)*24 -> 5.25 | BW88: =(BO88-BN88)*24 -> 14.7 | BX88: =SUM(BR88:BW88)/24 -> 6.6333333 | BY88: =AX88 -> 11.954167 | BZ88: =BX88/BY88 -> 0.55489718
A89: =BB89 -> 44956.319 | B89: DONE/FIX | C89: BUNYUT | D89: STTC | E89: MV. GOLDEN REJEKI | G89: 44956.833 | H89: 44956.833 | I89: BEK-MBR | J89: Completed | K89: Completed | L89: BEK-2301-073 | N89: KSA 58 | O89: RMN 308 | P89: BEK MCVLS | Q89: =3145 *2.4 -> 7548 | R89: 7594.53 | W89: =R89 -> 7594.53 | AV89: =AY89 -> 44951.927 | AW89: =BO89 -> 44962.469 | AX89: =AW89-AV89 -> 10.541667 | AY89: 44951.927 | AZ89: 44952.639 | BA89: 44954.639 | BB89: 44956.319 | BC89: 44956.462 | BD89: 44956.465 | BE89: 44956.465 | BF89: =BE89+(41/24) -> 44958.174 | BG89: 44958.5 | BH89: 44958.667 | BI89: 44958.576 | BJ89: 44959.601 | BK89: 44961.611 | BL89: 44961.83 | BM89: 44961.851 | BN89: 44962.229 | BO89: 44962.469 | BR89: =(BA89-AZ89)*24 -> 48 | BS89: =(BC89-BB89)*24 -> 3.4166667 | BT89: =(BF89-BE89)*24 -> 41 | BU89: =(BJ89-BH89)*24 -> 22.416667 | BV89: =(BL89-BK89)*24 -> 5.25 | BW89: =(BO89-BN89)*24 -> 5.75 | BX89: =SUM(BR89:BW89)/24 -> 5.2430556 | BY89: =AX89 -> 10.541667 | BZ89: =BX89/BY89 -> 0.49736495
A90: =BB90 -> 44956.115 | B90: DONE/FIX | C90: BUNYUT | D90: TC | E90: MV. GOLDEN REJEKI | G90: 44956.833 | H90: 44956.833 | I90: BEK-MBR | J90: Completed | K90: Completed | L90: BEK-2301-074 | N90: GONAYA | O90: MASADA 14 | P90: BEK BLEND TS 0.95 MAX | Q90: =3107*2.4 -> 7456.8 | R90: 7500.245 | W90: =R90*0.6 -> 4500.147 | X90: =R90*0.4 -> 3000.098 | AV90: =AY90 -> 44952 | AW90: =BO90 -> 44962.625 | AX90: =AW90-AV90 -> 10.625 | AY90: 44952 | AZ90: 44952.837 | BA90: 44954.292 | BB90: 44956.115 | BC90: 44956.264 | BD90: 44956.267 | BE90: 44956.267 | BF90: =BE90+(41/24) -> 44957.976 | BG90: 44958.5 | BH90: 44958.667 | BI90: 44958.625 | BJ90: 44959.625 | BK90: 44961.892 | BL90: 44962.25 | BM90: 44962.271 | BN90: 44962.271 | BO90: 44962.625 | BR90: =(BA90-AZ90)*24 -> 34.916667 | BS90: =(BC90-BB90)*24 -> 3.5833333 | BT90: =(BF90-BE90)*24 -> 41 | BU90: =(BJ90-BH90)*24 -> 23 | BV90: =(BL90-BK90)*24 -> 8.5833333 | BW90: =(BO90-BN90)*24 -> 8.5 | BX90: =SUM(BR90:BW90)/24 -> 4.9826389 | BY90: =AX90 -> 10.625 | BZ90: =BX90/BY90 -> 0.46895425
A91: =BB91 -> 44956.486 | B91: DONE/FIX | C91: BUNYUT | D91: STTC | E91: MV. GOLDEN REJEKI | G91: 44956.833 | H91: 44956.833 | I91: BEK-MBR | J91: Completed | K91: Completed | L91: BEK-2301-075 | N91: KSA 120 | O91: RMN 3305 | P91: BEK MCVLS | Q91: =4337*2.4 -> 10408.8 | R91: =10427.088-655.438999999998 -> 9771.649 | W91: =R91 -> 9771.649 | AV91: =AY91 -> 44948.378 | AW91: =BO91 -> 44963.292 | AX91: =AW91-AV91 -> 14.913194 | AY91: 44948.378 | AZ91: 44953.819 | BA91: 44955.375 | BB91: 44956.486 | BC91: 44956.674 | BD91: 44956.681 | BE91: 44956.681 | BF91: =BE91+(41/24) -> 44958.389 | BG91: 44958.5 | BH91: 44958.667 | BI91: 44958.618 | BJ91: 44959.708 | BK91: 44962.795 | BL91: 44963.229 | BM91: 44963.292 | BN91: 44963.292 | BO91: 44963.292 | BR91: =(BA91-AZ91)*24 -> 37.333333 | BS91: =(BC91-BB91)*24 -> 4.5166667 | BT91: =(BF91-BE91)*24 -> 41 | BU91: =(BJ91-BH91)*24 -> 25 | BV91: =(BL91-BK91)*24 -> 10.416667 | BW91: =(BO91-BN91)*24 -> 0 | BX91: =SUM(BR91:BW91)/24 -> 4.9277778 | BY91: =AX91 -> 14.913194 | BZ91: =BX91/BY91 -> 0.33043073
A92: =BB92 -> 44956.486 | B92: DONE/FIX | C92: BUNYUT | D92: STTC | E92: MV. CEDRIC OLDENDORFF | G92: 44955.896 | H92: 44955.896 | I92: BEK-MBR | J92: Completed | K92: Completed | L92: BEK-2301-075 | N92: KSA 120 | O92: RMN 3305 | P92: BEK MCVLS | Q92: =4337*2.4 -> 10408.8 | R92: 877 | W92: =R92 -> 877 | AV92: =AY92 -> 44948.378 | AW92: =BO92 -> 44964.885 | AX92: =AW92-AV92 -> 16.506944 | AY92: 44948.378 | AZ92: 44953.819 | BA92: 44955.375 | BB92: 44956.486 | BC92: 44956.674 | BD92: 44956.681 | BE92: 44956.681 | BF92: =BE92+(41/24) -> 44958.389 | BG92: 44958.5 | BH92: 44958.667 | BI92: 44958.618 | BJ92: 44963.292 | BK92: 44964.472 | BL92: 44964.549 | BM92: 44964.562 | BN92: 44964.688 | BO92: 44964.885 | BR92: =(BA92-AZ92)*24 -> 37.333333 | BS92: =(BC92-BB92)*24 -> 4.5166667 | BT92: =(BF92-BE92)*24 -> 41 | BU92: =(BJ92-BH92)*24 -> 111 | BV92: =(BL92-BK92)*24 -> 1.8333333 | BW92: =(BO92-BN92)*24 -> 4.75 | BX92: =SUM(BR92:BW92)/24 -> 8.3513889 | BY92: =AX92 -> 16.506944 | BZ92: =BX92/BY92 -> 0.50593185
A93: =BB93 -> 44957.257 | B93: DONE/FIX | C93: BUNYUT | D93: STTC | E93: MV. CL ALICE | G93: 44964.125 | H93: 44964.196 | I93: BEK-JBG | J93: Completed | K93: Completed | L93: BEK-2301-076 | N93: HARMONY XXVI | O93: LINTAS SAMUDERA 77 | P93: BEK HCVMS | Q93: =3077*2.4 -> 7384.8 | R93: 7505.945 | X93: =R93 -> 7505.945 | AV93: =AY93 -> 44953.458 | AW93: =BO93 -> 44971.667 | AX93: =AW93-AV93 -> 18.208333 | AY93: 44953.458 | AZ93: 44953.837 | BA93: 44956.5 | BB93: 44957.257 | BC93: 44957.469 | BD93: 44957.476 | BE93: 44957.476 | BF93: =BE93+(41/24) -> 44959.184 | BG93: 44959.5 | BH93: 44959.667 | BI93: 44959.549 | BJ93: 44963.625 | BK93: 44968.472 | BL93: 44969.396 | BM93: 44969.406 | BN93: 44969.406 | BO93: 44971.667 | BR93: =(BA93-AZ93)*24 -> 63.916667 | BS93: =(BC93-BB93)*24 -> 5.0833333 | BT93: =(BF93-BE93)*24 -> 41 | BU93: =(BJ93-BH93)*24 -> 95 | BV93: =(BL93-BK93)*24 -> 22.166667 | BW93: =(BO93-BN93)*24 -> 54.25 | BX93: =SUM(BR93:BW93)/24 -> 11.725694 | BY93: =AX93 -> 18.208333 | BZ93: =BX93/BY93 -> 0.64397407
A94: =BB94 -> 44957.101 | B94: DONE/FIX | C94: BUNYUT | D94: STTC | E94: MV. CL ALICE | G94: 44964.125 | H94: 44964.196 | I94: BEK-JBG | J94: Completed | K94: Completed | L94: BEK-2301-077 | N94: KSA 118 | O94: RMN 319 | P94: BEK HCVMS | Q94: =3136*2.4 -> 7526.4 | R94: 7714.887 | X94: =R94 -> 7714.887 | AV94: =AY94 -> 44953.951 | AW94: =BO94 -> 44969.524 | AX94: =AW94-AV94 -> 15.572917 | AY94: 44953.951 | AZ94: 44954.594 | BA94: 44956.281 | BB94: 44957.101 | BC94: 44957.224 | BD94: 44957.233 | BE94: 44957.233 | BF94: =BE94+(41/24) -> 44958.941 | BG94: 44958.5 | BH94: 44958.667 | BI94: 44958.681 | BJ94: 44962.854 | BK94: 44965.677 | BL94: 44966.302 | BM94: 44966.312 | BN94: 44966.469 | BO94: 44969.524 | BR94: =(BA94-AZ94)*24 -> 40.5 | BS94: =(BC94-BB94)*24 -> 2.9666667 | BT94: =(BF94-BE94)*24 -> 41 | BU94: =(BJ94-BH94)*24 -> 100.5 | BV94: =(BL94-BK94)*24 -> 15 | BW94: =(BO94-BN94)*24 -> 73.333333 | BX94: =SUM(BR94:BW94)/24 -> 11.3875 | BY94: =AX94 -> 15.572917 | BZ94: =BX94/BY94 -> 0.73123746
A95: =BB95 -> 44939.743 | B95: DONE | C95: IKJ | D95: STTC | E95: MV. REX OLDENDORFF | G95: 44940.5 | H95: 44940.51 | I95: IKJ-MBR | J95: Completed | K95: Completed | L95: IKJ-2301-001 | N95: WIRA TIMUR XVII | O95: LINTAS SAMUDERA XII | P95: IKJ | Q95: 5500 | R95: 5072 | AH95: =R95 -> 5072 | AV95: =AY95 -> 44926.792 | AW95: =BO95 -> 44947.792 | AX95: =AW95-AV95 -> 21 | AY95: 44926.792 | AZ95: 44939.417 | BA95: 44939.635 | BB95: 44939.743 | BC95: 44940.229 | BD95: 44940.354 | BE95: 44940.733 | BF95: 44940.733 | BG95: N/A | BH95: N/A | BI95: N/A | BJ95: 44941.938 | BK95: 44946.799 | BL95: 44947.396 | BM95: 44947.417 | BN95: 44947.417 | BO95: 44947.792 | BR95: =(BA95-AZ95)*24 -> 5.25 | BS95: =(BC95-BB95)*24 -> 11.666667 | BT95: =(BF95-BE95)*24 -> 0 | BU95: =(BJ95-BF95)*24 -> 28.916667 | BV95: =(BL95-BK95)*24 -> 14.333333 | BW95: =(BO95-BN95)*24 -> 9 | BX95: =SUM(BR95:BW95)/24 -> 2.8819444 | BY95: =AX95 -> 21 | BZ95: =BX95/BY95 -> 0.13723545
A96: =BB96 -> 44949.715 | B96: DONE | C96: IKJ | D96: STTC | E96: BoCT/MV. DUTA AZZAM | G96: 44947.929 | H96: 44947.929 | I96: IKJ-BoCT | J96: Completed | K96: Completed | L96: IKJ-2301-002 | N96: WIRA TIMUR XVII | O96: LINTAS SAMUDERA XII | P96: IKJ | Q96: 5500 | R96: 5006 | AH96: =R96 -> 5006 | AV96: =AY96 -> 44947.792 | AW96: =BO96 -> 44956.854 | AX96: =AW96-AV96 -> 9.0625 | AY96: 44947.792 | AZ96: 44949.333 | BA96: 44949.531 | BB96: 44949.715 | BC96: 44950.167 | BD96: 44950.285 | BE96: 44951.16 | BF96: 44951.16 | BG96: N/A | BH96: N/A | BI96: N/A | BJ96: 44952.917 | BK96: 44955.944 | BL96: 44956.142 | BM96: 44956.167 | BN96: 44956.174 | BO96: 44956.854 | BR96: =(BA96-AZ96)*24 -> 4.75 | BS96: =(BC96-BB96)*24 -> 10.833333 | BT96: =(BF96-BE96)*24 -> 0 | BU96: =(BJ96-BF96)*24 -> 42.166667 | BV96: =(BL96-BK96)*24 -> 4.75 | BW96: =(BO96-BN96)*24 -> 16.333333 | BX96: =SUM(BR96:BW96)/24 -> 3.2847222 | BY96: =AX96 -> 9.0625 | BZ96: =BX96/BY96 -> 0.36245211
A97: =BB97 -> 44954.875 | B97: DONE | C97: IKJ | D97: STTC | E97: MV. GOLDEN REJEKI | G97: 44956.833 | H97: 44956.833 | I97: IKJ-MBR | J97: Completed | K97: Completed | L97: IKJ-2301-003 | N97: DELTA AYU CHRISTIAN | O97: KALIMANTAN 158 | P97: IKJ | Q97: 5500 | R97: 5180 | AH97: =R97 -> 5180 | AV97: =AY97 -> 44953.608 | AW97: =BO97 -> 44961.292 | AX97: =AW97-AV97 -> 7.6840278 | AY97: 44953.608 | AZ97: 44954.08 | BA97: 44954.806 | BB97: 44954.875 | BC97: 44955.576 | BD97: 44955.649 | BE97: 44956.299 | BF97: 44956.299 | BG97: N/A | BH97: N/A | BI97: N/A | BJ97: 44957.333 | BK97: 44960.694 | BL97: 44960.837 | BM97: 44960.858 | BN97: 44960.858 | BO97: 44961.292 | BR97: =(BA97-AZ97)*24 -> 17.416667 | BS97: =(BC97-BB97)*24 -> 16.833333 | BT97: =(BF97-BE97)*24 -> 0 | BU97: =(BJ97-BF97)*24 -> 24.833333 | BV97: =(BL97-BK97)*24 -> 3.4166667 | BW97: =(BO97-BN97)*24 -> 10.416667 | BX97: =SUM(BR97:BW97)/24 -> 3.0381944 | BY97: =AX97 -> 7.6840278 | BZ97: =BX97/BY97 -> 0.39539087
A98: =BB98 -> 44957.385 | B98: DONE | C98: IKJ | D98: STTC | E98: BoCT/MV. NORD AURIGA | G98: 44973.963 | H98: 44973.963 | I98: IKJ-BoCT | J98: Completed | K98: Completed | L98: IKJ-2301-004 | N98: WIRA TIMUR XVII | O98: LINTAS SAMUDERA XII | P98: IKJ | Q98: 5500 | R98: 5005 | AH98: =R98 -> 5005 | AV98: =AY98 -> 44956.854 | AW98: =BO98 -> 44962.66 | AX98: =AW98-AV98 -> 5.8055556 | AY98: 44956.854 | AZ98: 44957 | BA98: 44957.188 | BB98: 44957.385 | BC98: 44957.847 | BD98: 44957.889 | BE98: 44958.562 | BF98: 44958.562 | BG98: N/A | BH98: N/A | BI98: N/A | BJ98: 44960.062 | BK98: 44961.757 | BL98: 44961.927 | BM98: 44961.979 | BN98: 44961.983 | BO98: 44962.66 | BR98: =(BA98-AZ98)*24 -> 4.5 | BS98: =(BC98-BB98)*24 -> 11.083333 | BT98: =(BF98-BE98)*24 -> 0 | BU98: =(BJ98-BF98)*24 -> 36 | BV98: =(BL98-BK98)*24 -> 4.0833333 | BW98: =(BO98-BN98)*24 -> 16.25 | BX98: =SUM(BR98:BW98)/24 -> 2.9965278 | BY98: =AX98 -> 5.8055556 | BZ98: =BX98/BY98 -> 0.51614833
A99: =BB99 -> 44934.41 | B99: DONE | C99: JHN | D99: FAS | E99: BoCT/MV. SOHO PRINCIPAL | G99: 44940.583 | H99: 44940.583 | I99: JHN-BoCT | J99: Completed | K99: Completed | L99: JHN-2301-001 | N99: PUTRA RUPAT 16 | O99: TANJUNG MEDANG VII | P99: JHN | Q99: 7500 | R99: 7774.704 | AJ99: =R99 -> 7774.704 | AV99: =AY99 -> 44933.667 | AW99: =BO99 -> 44942.594 | AX99: =AW99-AV99 -> 8.9270833 | AY99: 44933.667 | AZ99: 44933.667 | BA99: 44933.667 | BB99: 44934.41 | BC99: 44937.819 | BD99: 44937.882 | BE99: 44937.882 | BF99: 44937.882 | BG99: N/A | BH99: N/A | BI99: N/A | BJ99: 44939.767 | BK99: 44941.34 | BL99: 44942.583 | BM99: 44942.594 | BN99: 44942.594 | BO99: 44942.594 | BR99: =(BA99-AZ99)*24 -> 0 | BS99: =(BC99-BB99)*24 -> 81.833333 | BT99: =(BF99-BE99)*24 -> 0 | BU99: =(BJ99-BF99)*24 -> 45.25 | BV99: =(BL99-BK99)*24 -> 29.833333 | BW99: =(BO99-BN99)*24 -> 0 | BX99: =SUM(BR99:BW99)/24 -> 6.5381944 | BY99: =AX99 -> 8.9270833 | BZ99: =BX99/BY99 -> 0.73239984
A100: =BB100 -> 44952.024 | B100: DONE | C100: JHN | D100: FAS | E100: BoCT/MV. DUTA AZZAM | G100: 44947.929 | H100: 44947.929 | I100: JHN-BoCT | J100: Completed | K100: Completed | L100: JHN-2301-002 | N100: PUTRA RUPAT I | O100: TANJUNG MEDANG I | P100: JHN | Q100: 7500 | R100: 7689.19 | AJ100: =R100 -> 7689.19 | AV100: =AY100 -> 44951.771 | AW100: =BO100 -> 44957.976 | AX100: =AW100-AV100 -> 6.2048611 | AY100: 44951.771 | AZ100: 44951.771 | BA100: 44951.771 | BB100: 44952.024 | BC100: 44952.84 | BD100: 44952.84 | BE100: 44952.84 | BF100: 44952.84 | BG100: N/A | BH100: N/A | BI100: N/A | BJ100: 44955.986 | BK100: 44956.694 | BL100: 44957.542 | BM100: 44957.976 | BN100: 44957.976 | BO100: 44957.976 | BR100: =(BA100-AZ100)*24 -> 0 | BS100: =(BC100-BB100)*24 -> 19.583333 | BT100: =(BF100-BE100)*24 -> 0 | BU100: =(BJ100-BF100)*24 -> 75.5 | BV100: =(BL100-BK100)*24 -> 20.333333 | BW100: =(BO100-BN100)*24 -> 0 | BX100: =SUM(BR100:BW100)/24 -> 4.8090278 | BY100: =AX100 -> 6.2048611 | BZ100: =BX100/BY100 -> 0.77504197
...

Sheet TBS JAN'23
B2: VESSEL AGENT | E2: : | F2: MV. MANALAGI YASA | J2: COMMENCE LOADING | K2: : | L2: 44927.014
B3: LAYCAN OF VESSEL | E3: : | F3: 20 Dec - 29 Dec | J3: COMPLETED LOADING | K3: : | L3: ='VLU 2023 & 2024'!$N$6 -> 44928.208
B4: ARRIVAL DATE | E4: : | F4: 44926.729 | J4: CARGO ON BOARD | K4: : | L4: 31509 | M4: MT
B5: LOAD FACILITIES | E5: : | F5: ROCKTREE | J5: BUYER | K5: : | L5: PLN DEC #04
B6: FLF/FC NOMINATE | E6: : | F6: APOLLO | J6: SHIPPER | K6: : | L6: PT. BHARINTO EKATAMA
B7: VESSEL AGENT | E7: : | F7: PT. RIANDY FIESTA SAMUDERA (RFS)
T8: IMM | Y8: TCM | AB8: BEK | AD8: JBG | AE8: KTD | AF8: 3rd Party
B9: NO | D9: Service Trip | F9: TUG NAME | G9: BARGE NAME | H9: QTY | I9: SPEC | J9: ETA UNLOADING PORT | L9: STATUS | M9: POSITION 7 AM | N9: ="On time - "&COUNTIF(N10:N14,"On time")&" from "&ROWS(N10:N14)-COUNTIF(N10:N14," ") -> On time - 4 from 5 | P9: ROYALTY | Q9: LHV | R9: SP | T9: WB LS | U9: WB HS | V9: EB LS | W9: EB MS | X9: EB HS | Y9: HCVLS | Z9: HCVHS | AA9: HCVMS | AB9: BEK MCVLS | AC9: BEK MCVMS | AD9: JBG | AE9: EMB | AF9: GAM | AG9: BBA | AH9: JMB | AI9: GBU | AJ9: BBE | AK9: KMIA | AL9: BOSS | AM9: MHU | AN9: IDX | AO9: KEI | AP9: KJA | AQ9: BN | AR9: IKJ | AS9: ALH | AT9: KBM | AU9: JHN | AV9: MCM | AW9: ABA | AX9: KWA | AY9: MBL
B10: SINGLE BARGE | D10: BBE-2212-008 | F10: ARMADA TIMUR 03 | G10: LINTAS SAMUDERA 95 | H10: 7500 | I10: BBE | J10: 44926.667 | L10: Compelted | M10: Compelted | N10: =IF(ISBLANK(J10)," ",IF(J10<$F$4,"On time",(IF(DAY(J10-$F$4)<1,"On time",(IF(J10>$F$4,"DELAY ( "&DAY(J10-$F$4)&" day "&HOUR(J10-$F$4)&" hour "&MINUTE(J10-$F$4)&" minute )","xxx")))))) -> On time | P10: V | Q10: V | R10: V | AJ10: =H10 -> 7500
B11: SINGLE BARGE | D11: BEK-2212-064 | F11: LINTAS SAMUDERA 31 | G11: LINTAS SAMUDERA XVIII | H11: 1686 | I11: BEK HCVMS | J11: 44926.698 | L11: Compelted | M11: Compelted | N11: =IF(ISBLANK(J11)," ",IF(J11<$F$4,"On time",(IF(DAY(J11-$F$4)<1,"On time",(IF(J11>$F$4,"DELAY ( "&DAY(J11-$F$4)&" day "&HOUR(J11-$F$4)&" hour "&MINUTE(J11-$F$4)&" minute )","xxx")))))) -> On time | P11: V | Q11: V | R11: V | AC11: =H11 -> 1686
B12: SINGLE BARGE | D12: BEK-2212-054 | F12: MAHKOTA JAYA 06 | G12: MAHKOTA PRIMA 06 | H12: 7563.732 | I12: BEK HCVMS | J12: 44926.375 | L12: Compelted | M12: Compelted | N12: =IF(ISBLANK(J12)," ",IF(J12<$F$4,"On time",(IF(DAY(J12-$F$4)<1,"On time",(IF(J12>$F$4,"DELAY ( "&DAY(J12-$F$4)&" day "&HOUR(J12-$F$4)&" hour "&MINUTE(J12-$F$4)&" minute )","xxx")))))) -> On time | P12: V | Q12: V | R12: V | AC12: =H12 -> 7563.732
B13: SINGLE BARGE | D13: BEK-2212-065 | F13: PRIMA STAR 51 | G13: PRIMA SAKTI 03 | H13: 7601.909 | I13: BEK HCVMS | J13: 44927.542 | L13: Compelted | M13: Compelted | N13: =IF(ISBLANK(J13)," ",IF(J13<$F$4,"On time",(IF(DAY(J13-$F$4)<1,"On time",(IF(J13>$F$4,"DELAY ( "&DAY(J13-$F$4)&" day "&HOUR(J13-$F$4)&" hour "&MINUTE(J13-$F$4)&" minute )","xxx")))))) -> On time | P13: V | Q13: V | R13: V | AC13: =H13 -> 7601.909
B14: SINGLE BARGE | D14: BEK-2212-068 | F14: BERAU COAL 31 | G14: ROBBY 362 | H14: =7861.768-704.409 -> 7157.359 | I14: BEK HCVMS | J14: 44927.833 | L14: Compelted | M14: Compelted | N14: =IF(ISBLANK(J14)," ",IF(J14<$F$4,"On time",(IF(DAY(J14-$F$4)<1,"On time",(IF(J14>$F$4,"DELAY ( "&DAY(J14-$F$4)&" day "&HOUR(J14-$F$4)&" hour "&MINUTE(J14-$F$4)&" minute )","xxx")))))) -> DELAY ( 1 day 2 hour 30 minute ) | P14: V | Q14: V | R14: V | AC14: =H14-H18 -> 7157.359
B15: TOTAL CARGO SUPPLY | H15: =SUM(H10:H14) -> 31509 | N15: =IF(ISBLANK(J15)," ",IF(J15<$F$4,"On time",(IF(DAY(J15-$F$4)<1,"On time",(IF(J15>$F$4,"DELAY ( "&DAY(J15-$F$4)&" day "&HOUR(J15-$F$4)&" hour "&MINUTE(J15-$F$4)&" minute )","xxx"))))))
B16: STOWAGE PLAN | H16: 31509 | N16: =IF(ISBLANK(J16)," ",IF(J16<$F$4,"On time",(IF(DAY(J16-$F$4)<1,"On time",(IF(J16>$F$4,"DELAY ( "&DAY(J16-$F$4)&" day "&HOUR(J16-$F$4)&" hour "&MINUTE(J16-$F$4)&" minute )","xxx")))))) | T16: =SUM(T10:T14) -> 0 | U16: =SUM(U10:U14) -> 0 | V16: =SUM(V10:V14) -> 0 | W16: =SUM(W10:W14) -> 0 | X16: =SUM(X10:X14) -> 0 | Y16: =SUM(Y10:Y14) -> 0 | Z16: =SUM(Z10:Z14) -> 0 | AA16: =SUM(AA10:AA14) -> 0 | ... AY16: =SUM(AY10:AY14) -> 0 | AZ16: =SUM(T16:AY16) -> 31509
B17: BALANCE CARGO ON BOARD | H17: =H16-L4 -> 0
B18: REMAINING CARGO | H18: =H15-H16 -> 0
B19: LOSS/GAIN CARGO | H19: =H18-704.409 -> -704.409
B21: Note:
B22: 1 | C22: No remain cargo on last barge
B24: VESSEL AGENT | E24: : | F24: MV. MUBASYIR | J24: COMMENCE LOADING | K24: : | L24: 44925.458
B25: LAYCAN OF VESSEL | E25: : | F25: 25 Dec - 03 Jan | J25: COMPLETED LOADING | K25: : | L25: 44934.333
B26: ARRIVAL DATE | E26: : | F26: 44922.292 | J26: CARGO ON BOARD | K26: : | L26: 54149 | M26: MT
B27: LOAD FACILITIES | E27: : | F27: STEVEDORE | J27: BUYER | K27: : | L27: GCNS DEC #SPOT
B28: FLF/FC NOMINATE | E28: : | F28: LABOR | J28: SHIPPER | K28: : | L28: PT. TRUBAINDO COAL MINING
B29: VESSEL AGENT | E29: : | F29: PT. INDO DHARMA TRANSPORT
T30: IMM | Y30: TCM | AB30: BEK | AD30: JBG | AE30: KTD | AF30: 3rd Party
B31: NO | D31: Service Trip | F31: TUG NAME | G31: BARGE NAME | H31: QTY | I31: SPEC | J31: ETA UNLOADING PORT | L31: STATUS | M31: POSITION 7 AM | N31: ="On time - "&COUNTIF(N32:N38,"On time")&" from "&ROWS(N32:N38)-COUNTIF(N32:N38," ") -> On time - 0 from 7 | P31: ROYALTY | Q31: LHV | R31: SP | T31: WB LS | U31: WB HS | V31: EB LS | W31: EB MS | X31: EB HS | Y31: HCVLS | Z31: HCVHS | AA31: HCVMS | AB31: BEK MCVLS | AC31: BEK MCVMS | AD31: JBG | AE31: EMB | AF31: GAM | AG31: BBA | AH31: JMB | AI31: GBU | AJ31: BBE | AK31: KMIA | AL31: BOSS | AM31: MHU | AN31: IDX | AO31: KEI | AP31: KJA | AQ31: BN | AR31: IKJ | AS31: ALH | AT31: KBM | AU31: JHN | AV31: MCM | AW31: ABA | AX31: KWA | AY31: MBL | AZ31: EBH
B32: 1 | D32: TCM-2212-042 | F32: VES FAIR 10 | G32: ROBBY 104 | H32: 9079.506 | I32: TCM HCVMS | J32: 44925.349 | L32: Completed | M32: Completed | N32: =IF(ISBLANK(J32)," ",IF(J32<$F$26,"On time",(IF(DAY(J32-$F$26)<1,"On time",(IF(J32>$F$26,"DELAY ( "&DAY(J32-$F$26)&" day "&HOUR(J32-$F$26)&" hour "&MINUTE(J32-$F$26)&" minute )","xxx")))))) -> DELAY ( 3 day 1 hour 23 minute ) | P32: V | Q32: V | R32: V | AA32: =H32 -> 9079.506
B33: 2 | D33: TCM-2212-043 | F33: KINGFISHER 508 | G33: ASIA STAR 818 | H33: 7403.517 | I33: TCM HCVMS | J33: 44925.458 | L33: Completed | M33: Completed | N33: =IF(ISBLANK(J33)," ",IF(J33<$F$26,"On time",(IF(DAY(J33-$F$26)<1,"On time",(IF(J33>$F$26,"DELAY ( "&DAY(J33-$F$26)&" day "&HOUR(J33-$F$26)&" hour "&MINUTE(J33-$F$26)&" minute )","xxx")))))) -> DELAY ( 3 day 4 hour 0 minute ) | P33: V | Q33: V | R33: V | AA33: =H33 -> 7403.517
B34: 3 | D34: BBE-2212-006 | F34: FERY XXI | G34: MASADA 10 | H34: 7500 | I34: BBE | J34: 44925.667 | L34: Completed | M34: Completed | N34: =IF(ISBLANK(J34)," ",IF(J34<$F$26,"On time",(IF(DAY(J34-$F$26)<1,"On time",(IF(J34>$F$26,"DELAY ( "&DAY(J34-$F$26)&" day "&HOUR(J34-$F$26)&" hour "&MINUTE(J34-$F$26)&" minute )","xxx")))))) -> DELAY ( 3 day 9 hour 0 minute ) | P34: V | Q34: V | R34: V | AJ34: =H34 -> 7500
B35: 4 | D35: TCM-2212-040 | F35: BERAU COAL 30 | G35: ROBBY 303 | H35: 7407.785 | I35: TCM HCVMS BLEND LS | J35: 44926.292 | L35: Completed | M35: Completed | N35: =IF(ISBLANK(J35)," ",IF(J35<$F$26,"On time",(IF(DAY(J35-$F$26)<1,"On time",(IF(J35>$F$26,"DELAY ( "&DAY(J35-$F$26)&" day "&HOUR(J35-$F$26)&" hour "&MINUTE(J35-$F$26)&" minute )","xxx")))))) -> DELAY ( 4 day 0 hour 0 minute ) | P35: V | Q35: V | R35: V | Y35: =H35*0.85 -> 6296.6172 | AA35: =H35*0.15 -> 1111.1677
B36: 5 | D36: TCM-2212-035 | F36: KOMPAS 03 | G36: RMN 337 | H36: 7429.257 | I36: TCM HCVMS | J36: 44926.458 | L36: Completed | M36: Completed | N36: =IF(ISBLANK(J36)," ",IF(J36<$F$26,"On time",(IF(DAY(J36-$F$26)<1,"On time",(IF(J36>$F$26,"DELAY ( "&DAY(J36-$F$26)&" day "&HOUR(J36-$F$26)&" hour "&MINUTE(J36-$F$26)&" minute )","xxx")))))) -> DELAY ( 4 day 4 hour 0 minute ) | P36: V | Q36: V | R36: V | AA36: =H36 -> 7429.257
B37: 6 | D37: EBH-2212-002 | F37: GONAYA | G37: MASADA 14 | H37: 7526.389 | I37: EBH | J37: 44926.417 | L37: Completed | M37: Completed | N37: =IF(ISBLANK(J37)," ",IF(J37<$F$26,"On time",(IF(DAY(J37-$F$26)<1,"On time",(IF(J37>$F$26,"DELAY ( "&DAY(J37-$F$26)&" day "&HOUR(J37-$F$26)&" hour "&MINUTE(J37-$F$26)&" minute )","xxx")))))) -> DELAY ( 4 day 3 hour 0 minute ) | P37: V | Q37: V | R37: V | AZ37: =H37 -> 7526.389
B38: 7 | D38: TCM-2212-039 | F38: BIG FAIR 15 | G38: ROBBY 112 | H38: =7551.26+251.286 -> 7802.546 | I38: TCM HCVLS | J38: 44926.5 | L38: Completed | M38: Completed | N38: =IF(ISBLANK(J38)," ",IF(J38<$F$26,"On time",(IF(DAY(J38-$F$26)<1,"On time",(IF(J38>$F$26,"DELAY ( "&DAY(J38-$F$26)&" day "&HOUR(J38-$F$26)&" hour "&MINUTE(J38-$F$26)&" minute )","xxx")))))) -> DELAY ( 4 day 5 hour 0 minute ) | P38: V | Q38: V | R38: V | Y38: =H38-H42 -> 7802.546
B39: TOTAL CARGO SUPPLY | H39: =SUM(H32:H38) -> 54149 | N39: =IF(ISBLANK(J39)," ",IF(J39<$F$26,"On time",(IF(DAY(J39-$F$26)<1,"On time",(IF(J39>$F$26,"DELAY ( "&DAY(J39-$F$26)&" day "&HOUR(J39-$F$26)&" hour "&MINUTE(J39-$F$26)&" minute )","xxx"))))))
B40: STOWAGE PLAN | H40: 54149 | N40: =IF(ISBLANK(J40)," ",IF(J40<$F$4,"On time",(IF(DAY(J40-$F$4)<1,"On time",(IF(J40>$F$4,"DELAY ( "&DAY(J40-$F$4)&" day "&HOUR(J40-$F$4)&" hour "&MINUTE(J40-$F$4)&" minute )","xxx")))))) | T40: =SUM(T32:T38) -> 0 | U40: =SUM(U32:U38) -> 0 | V40: =SUM(V32:V38) -> 0 | W40: =SUM(W32:W38) -> 0 | X40: =SUM(X32:X38) -> 0 | Y40: =SUM(Y32:Y38) -> 14099.163 | Z40: =SUM(Z32:Z38) -> 0 | AA40: =SUM(AA32:AA38) -> 25023.448 | ... AZ40: =SUM(AZ32:AZ38) -> 7526.389 | BA40: =SUM(T40:AZ40) -> 54149
B41: BALANCE CARGO ON BOARD | H41: =H40-L26 -> 0
B42: REMAINING CARGO | H42: =H39-H40 -> 0
B43: LOSS/GAIN CARGO | H43: =H42+251.286 -> 251.286
B45: Note:
B46: 1 | C46: Stowage plan vessel 58,000 MT due to cargo urgency and delete 1 barge BG. COMET 05 (barge grounded)
B47: 2 | C47: from original suppy cargo is around 53,897.714 and then have gain cargo 251.286 MT
B49: VESSEL AGENT | E49: : | F49: MV. CHANG MING 2 | J49: COMMENCE LOADING | K49: : | L49: 44932.935
B50: LAYCAN OF VESSEL | E50: : | F50: 12 Dec - 21 Dec | J50: COMPLETED LOADING | K50: : | L50: 44934.682
B51: ARRIVAL DATE | E51: : | F51: 44929.944 | J51: CARGO ON BOARD | K51: : | L51: 71800 | M51: MT
B52: LOAD FACILITIES | E52: : | F52: TERMINAL | J52: BUYER | K52: : | L52: SHENHUA DEC SPOT #02
B53: FLF/FC NOMINATE | E53: : | F53: SHIP LOADER | J53: SHIPPER | K53: : | L53: PT. BHARINTO EKATAMA
B54: VESSEL AGENT | E54: : | F54: PT. SERASI SHIPPING INDONESIA (S5)
T55: IMM | Y55: TCM | AB55: BEK | AD55: JBG | AE55: KTD | AF55: 3rd Party
B56: NO | D56: Service Trip | F56: TUG NAME | G56: BARGE NAME | H56: QTY | I56: SPEC | J56: ETA UNLOADING PORT | L56: STATUS | M56: POSITION 7 AM | N56: ="On time - "&COUNTIF(N57:N66,"On time")&" from "&ROWS(N57:N66)-COUNTIF(N57:N66," ") -> On time - 10 from 10 | P56: ROYALTY | Q56: LHV | R56: SP | T56: WB LS | U56: WB HS | V56: EB LS | W56: EB MS | X56: EB HS | Y56: HCVLS | Z56: HCVHS | AA56: HCVMS | AB56: BEK MCVLS | AC56: BEK MCVMS | AD56: JBG | AE56: EMB | AF56: GAM | AG56: BBA | AH56: JMB | AI56: GBU | AJ56: BBE | AK56: KMIA | AL56: BOSS | AM56: MHU | AN56: IDX | AO56: KEI | AP56: KJA | AQ56: BN | AR56: IKJ | AS56: ALH | AT56: KBM | AU56: JHN | AV56: MCM | AW56: ABA | AX56: KWA | AY56: MBL | AZ56: EBH
B57: 1 | D57: BEK-2212-008 | F57: KINGFISHER 508 | G57: ASIA STAR 818 | H57: 5829.368 | I57: BEK BLEND TS 0.80 MAX | J57: 44905.66 | L57: Completed | M57: Completed | N57: =IF(ISBLANK(J57)," ",IF(J57<$F$51,"On time",(IF(DAY(J57-$F$51)<1,"On time",(IF(J57>$F$51,"DELAY ( "&DAY(J57-$F$51)&" day "&HOUR(J57-$F$51)&" hour "&MINUTE(J57-$F$51)&" minute )","xxx")))))) -> On time | P57: V | Q57: V | R57: V | AB57: =H57*0.7 -> 4080.5576 | AC57: =H57*0.3 -> 1748.8104
B58: 2 | D58: BEK-2212-023 | F58: BLORO 25 | G58: ROBBY 365 | H58: 7405.054 | I58: BEK MCVLS | J58: 44908.972 | L58: Completed | M58: Completed | N58: =IF(ISBLANK(J58)," ",IF(J58<$F$51,"On time",(IF(DAY(J58-$F$51)<1,"On time",(IF(J58>$F$51,"DELAY ( "&DAY(J58-$F$51)&" day "&HOUR(J58-$F$51)&" hour "&MINUTE(J58-$F$51)&" minute )","xxx")))))) -> On time | P58: V | Q58: V | R58: V | AB58: =H58 -> 7405.054
B59: 3 | D59: JHN-2212-001 | F59: PUTRA RUPAT 16 | G59: TANJUNG MEDANG VII | H59: 7393.909 | I59: JHN | J59: 44909.417 | L59: Completed | M59: Completed | N59: =IF(ISBLANK(J59)," ",IF(J59<$F$51,"On time",(IF(DAY(J59-$F$51)<1,"On time",(IF(J59>$F$51,"DELAY ( "&DAY(J59-$F$51)&" day "&HOUR(J59-$F$51)&" hour "&MINUTE(J59-$F$51)&" minute )","xxx")))))) -> On time | P59: V | Q59: V | R59: V | AU59: =H59 -> 7393.909
B60: 4 | D60: JHN-2212-002 | F60: TANJUNG PURA XI | G60: LANGKAT JAYA V | H60: 5193.149 | I60: JHN | J60: 44916.688 | L60: Completed | M60: Completed | N60: =IF(ISBLANK(J60)," ",IF(J60<$F$51,"On time",(IF(DAY(J60-$F$51)<1,"On time",(IF(J60>$F$51,"DELAY ( "&DAY(J60-$F$51)&" day "&HOUR(J60-$F$51)&" hour "&MINUTE(J60-$F$51)&" minute )","xxx")))))) -> On time | P60: V | Q60: V | R60: V | AU60: =H60 -> 5193.149
B61: 5 | D61: BBE-2212-002 | F61: KSA 115 | G61: RMN 350 | H61: 7500 | I61: BBE | J61: 44909.927 | L61: Completed | M61: Completed | N61: =IF(ISBLANK(J61)," ",IF(J61<$F$51,"On time",(IF(DAY(J61-$F$51)<1,"On time",(IF(J61>$F$51,"DELAY ( "&DAY(J61-$F$51)&" day "&HOUR(J61-$F$51)&" hour "&MINUTE(J61-$F$51)&" minute )","xxx")))))) -> On time | P61: V | Q61: V | R61: V | AJ61: =H61 -> 7500
B62: 6 | D62: BEK-2212-028 | F62: SATRIA LAKSANA 98 | G62: SATRIA LAUT 3098 | H62: 7610.897 | I62: BEK MCVLS | J62: 44910.083 | L62: Completed | M62: Completed | N62: =IF(ISBLANK(J62)," ",IF(J62<$F$51,"On time",(IF(DAY(J62-$F$51)<1,"On time",(IF(J62>$F$51,"DELAY ( "&DAY(J62-$F$51)&" day "&HOUR(J62-$F$51)&" hour "&MINUTE(J62-$F$51)&" minute )","xxx")))))) -> On time | P62: V | Q62: V | R62: V | AB62: =H62 -> 7610.897
B63: 7 | D63: BEK-2212-025 | F63: GHITHA 01 | G63: GSN 01 | H63: 7553.506 | I63: BEK MCVLS | J63: 44910.146 | L63: Completed | M63: Completed | N63: =IF(ISBLANK(J63)," ",IF(J63<$F$51,"On time",(IF(DAY(J63-$F$51)<1,"On time",(IF(J63>$F$51,"DELAY ( "&DAY(J63-$F$51)&" day "&HOUR(J63-$F$51)&" hour "&MINUTE(J63-$F$51)&" minute )","xxx")))))) -> On time | P63: V | Q63: V | R63: V | AB63: =H63 -> 7553.506
B64: 8 | D64: BEK-2212-022 | F64: KSA 41 | G64: TBG 310 | H64: 7617.753 | I64: BEK MCVLS | J64: 44910.167 | L64: Completed | M64: Completed | N64: =IF(ISBLANK(J64)," ",IF(J64<$F$51,"On time",(IF(DAY(J64-$F$51)<1,"On time",(IF(J64>$F$51,"DELAY ( "&DAY(J64-$F$51)&" day "&HOUR(J64-$F$51)&" hour "&MINUTE(J64-$F$51)&" minute )","xxx")))))) -> On time | P64: V | Q64: V | R64: V | AB64: =H64 -> 7617.753
B65: 9 | D65: BEK-2212-019 | F65: PIONEER II | G65: RMN 351 | H65: 7651.806 | I65: BEK MCVLS | J65: 44910.455 | L65: Completed | M65: Completed | N65: =IF(ISBLANK(J65)," ",IF(J65<$F$51,"On time",(IF(DAY(J65-$F$51)<1,"On time",(IF(J65>$F$51,"DELAY ( "&DAY(J65-$F$51)&" day "&HOUR(J65-$F$51)&" hour "&MINUTE(J65-$F$51)&" minute )","xxx")))))) -> On time | P65: V | Q65: V | R65: V | AB65: =H65 -> 7651.806
B66: 10 | D66: BEK-2212-035 | F66: TEMAN SEJATI II | G66: ROBBY 106 | H66: =9296.287-1251.729 -> 8044.558 | I66: BEK MCVLS | J66: 44911.799 | L66: Completed | M66: Completed | N66: =IF(ISBLANK(J66)," ",IF(J66<$F$51,"On time",(IF(DAY(J66-$F$51)<1,"On time",(IF(J66>$F$51,"DELAY ( "&DAY(J66-$F$51)&" day "&HOUR(J66-$F$51)&" hour "&MINUTE(J66-$F$51)&" minute )","xxx")))))) -> On time | P66: V | Q66: V | R66: V | AB66: =H66-H70 -> 8044.558
B67: TOTAL CARGO SUPPLY | H67: =SUM(H57:H66) -> 71800 | N67: =IF(ISBLANK(J67)," ",IF(J67<$F$4,"On time",(IF(DAY(J67-$F$4)<1,"On time",(IF(J67>$F$4,"DELAY ( "&DAY(J67-$F$4)&" day "&HOUR(J67-$F$4)&" hour "&MINUTE(J67-$F$4)&" minute )","xxx"))))))
B68: STOWAGE PLAN | H68: 71800 | N68: =IF(ISBLANK(J68)," ",IF(J68<$F$4,"On time",(IF(DAY(J68-$F$4)<1,"On time",(IF(J68>$F$4,"DELAY ( "&DAY(J68-$F$4)&" day "&HOUR(J68-$F$4)&" hour "&MINUTE(J68-$F$4)&" minute )","xxx")))))) | T68: =SUM(T57:T66) -> 0 | U68: =SUM(U57:U66) -> 0 | V68: =SUM(V57:V66) -> 0 | W68: =SUM(W57:W66) -> 0 | X68: =SUM(X57:X66) -> 0 | Y68: =SUM(Y57:Y66) -> 0 | Z68: =SUM(Z57:Z66) -> 0 | AA68: =SUM(AA57:AA66) -> 0 | ... AZ68: =SUM(AZ57:AZ66) -> 0 | BA68: =SUM(T68:AZ68) -> 71800
B69: BALANCE CARGO ON BOARD | H69: =H68-L51 -> 0
B70: BALANCE CARGO ON PORT STOCK YARD | H70: =H67-H68 -> 0
B72: Note:
B73: 1 | C73: Subs.of MV. HC UNITY
B74: 2 | C74: Due to change vessel nominted and stowage plan changed to 71,800 MT i.o 82,500 MT
B75: 3 | C75: Split cargo on BG. ROBBY 106 = 8044.558 MT for MV. CHANG MING 2 & 1251.728 MT for MV. SINOKOR SUNRISE
B76: 4 | C76: Switch plan BG. RMN 333 to MV. SINOKOR SUNRISE
B77: 5 | C77: Switch plan BG. ROBBY 135 to MV. XING SHENG
B79: VESSEL AGENT | E79: : | F79: MV. SINOKOR SUNRISE | J79: COMMENCE LOADING | K79: : | L79: 44934.792
B80: LAYCAN OF VESSEL | E80: : | F80: 22 Dec - 31 Dec | J80: COMPLETED LOADING | K80: : | L80: 44936.484
B81: ARRIVAL DATE | E81: : | F81: 44926.758 | J81: CARGO ON BOARD | K81: : | L81: 58500 | M81: MT
B82: LOAD FACILITIES | E82: : | F82: TERMINAL | J82: BUYER | K82: : | L82: MASINLOC #4/6
B83: FLF/FC NOMINATE | E83: : | F83: SHIP LOADER | J83: SHIPPER | K83: : | L83: PT. BHARINTO EKATAMA
B84: VESSEL AGENT | E84: : | F84: PT. BAHARI EKA NUSANTARA (BEN)
T85: IMM | Y85: TCM | AB85: BEK | AD85: JBG | AE85: KTD | AF85: 3rd Party
B86: NO | D86: Service Trip | F86: TUG NAME | G86: BARGE NAME | H86: QTY | I86: SPEC | J86: ETA UNLOADING PORT | L86: STATUS | M86: POSITION 7 AM | N86: ="On time - "&COUNTIF(N87:N96,"On time")&" from "&ROWS(N87:N96)-COUNTIF(N87:N96," ") -> On time - 2 from 9 | P86: ROYALTY | Q86: LHV | R86: SP | T86: WB LS | U86: WB HS | V86: EB LS | W86: EB MS | X86: EB HS | Y86: HCVLS | Z86: HCVHS | AA86: HCVMS | AB86: BEK MCVLS | AC86: BEK MCVMS | AD86: JBG | AE86: EMB | AF86: GAM | AG86: BBA | AH86: JMB | AI86: GBU | AJ86: BBE | AK86: KMIA | AL86: BOSS | AM86: MHU | AN86: IDX | AO86: KEI | AP86: KJA | AQ86: BN | AR86: IKJ | AS86: ALH | AT86: KBM | AU86: JHN | AV86: MCM | AW86: ABA | AX86: KWA | AY86: MBL | AZ86: EBH
B87: 1 | D87: BEK-2212-029 | F87: KSA 49 | G87: RMN 333 | H87: 7574.632 | I87: BEK MCVLS | J87: 44911.792 | L87: Completed | M87: Completed | N87: =IF(ISBLANK(J87)," ",IF(J87<$F$81,"On time",(IF(DAY(J87-$F$81)<1,"On time",(IF(J87>$F$81,"DELAY ( "&DAY(J87-$F$81)&" day "&HOUR(J87-$F$81)&" hour "&MINUTE(J87-$F$81)&" minute )","xxx")))))) -> On time | P87: V | Q87: V | R87: V | V87: . | AB87: =H87 -> 7574.632
B88: 2 | D88: BEK-2212-035 | F88: TEMAN SEJATI II | G88: ROBBY 106 | H88: 1251.729 | I88: BEK MCVLS | J88: 44911.799 | L88: Completed | M88: Completed | N88: =IF(ISBLANK(J88)," ",IF(J88<$F$81,"On time",(IF(DAY(J88-$F$81)<1,"On time",(IF(J88>$F$81,"DELAY ( "&DAY(J88-$F$81)&" day "&HOUR(J88-$F$81)&" hour "&MINUTE(J88-$F$81)&" minute )","xxx")))))) -> On time | P88: V | Q88: V | R88: V | AB88: =H88 -> 1251.729
B89: 3 | D89: BEK-2212-066 | F89: KSA 118 | G89: RMN 319 | H89: 7654.768 | I89: BEK MCVLS | J89: 44928.312 | L89: Completed | M89: Completed | N89: =IF(ISBLANK(J89)," ",IF(J89<$F$81,"On time",(IF(DAY(J89-$F$81)<1,"On time",(IF(J89>$F$81,"DELAY ( "&DAY(J89-$F$81)&" day "&HOUR(J89-$F$81)&" hour "&MINUTE(J89-$F$81)&" minute )","xxx")))))) -> DELAY ( 1 day 13 hour 18 minute ) | P89: V | Q89: V | R89: V | AB89: =H89 -> 7654.768
B90: 4 | D90: BBE-2212-005 | F90: KALTIM DOLPHIN 17 - 08 | G90: KALTIM FT 80-01 | H90: 7500 | I90: BBE | J90: 44928.344 | L90: Completed | M90: Completed | N90: =IF(ISBLANK(J90)," ",IF(J90<$F$81,"On time",(IF(DAY(J90-$F$81)<1,"On time",(IF(J90>$F$81,"DELAY ( "&DAY(J90-$F$81)&" day "&HOUR(J90-$F$81)&" hour "&MINUTE(J90-$F$81)&" minute )","xxx")))))) -> DELAY ( 1 day 14 hour 3 minute ) | P90: V | Q90: V | R90: V | AJ90: =H90 -> 7500
B91: 5 | D91: BEK-2212-062 | F91: KOMPAS 01 | G91: RMN 374 | H91: 7609.218 | I91: BEK HCVMS | J91: 44929.351 | L91: Completed | M91: Completed | N91: =IF(ISBLANK(J91)," ",IF(J91<$F$81,"On time",(IF(DAY(J91-$F$81)<1,"On time",(IF(J91>$F$81,"DELAY ( "&DAY(J91-$F$81)&" day "&HOUR(J91-$F$81)&" hour "&MINUTE(J91-$F$81)&" minute )","xxx")))))) -> DELAY ( 2 day 14 hour 13 minute ) | P91: V | Q91: V | R91: V | AC91: =H91 -> 7609.218
B92: 6 | D92: BEK-2212-059 | F92: ATK 2010 | G92: ISA 309 | H92: 7574.388 | I92: BEK MCVLS | J92: 44928.062 | L92: Completed | M92: Completed | N92: =IF(ISBLANK(J92)," ",IF(J92<$F$81,"On time",(IF(DAY(J92-$F$81)<1,"On time",(IF(J92>$F$81,"DELAY ( "&DAY(J92-$F$81)&" day "&HOUR(J92-$F$81)&" hour "&MINUTE(J92-$F$81)&" minute )","xxx")))))) -> DELAY ( 1 day 7 hour 18 minute ) | P92: V | Q92: V | R92: V | AB92: =H92 -> 7574.388
B93: 7 | D93: BEK-2212-070 | F93: KINGFISHER 201 | G93: ASIA RIDER 601 | H93: 7518.11 | I93: BEK HCVMS | J93: 44929.021 | L93: Completed | M93: Completed | N93: =IF(ISBLANK(J93)," ",IF(J93<$F$81,"On time",(IF(DAY(J93-$F$81)<1,"On time",(IF(J93>$F$81,"DELAY ( "&DAY(J93-$F$81)&" day "&HOUR(J93-$F$81)&" hour "&MINUTE(J93-$F$81)&" minute )","xxx")))))) -> DELAY ( 2 day 6 hour 18 minute ) | P93: V | Q93: V | R93: V | AC93: =H93 -> 7518.11
B94: 8 | D94: BBE-2212-007 | F94: KSA ANUGRAH | G94: RMN 368 | H94: 7500 | I94: BBE | J94: 44929.438 | L94: Completed | M94: Completed | N94: =IF(ISBLANK(J94)," ",IF(J94<$F$81,"On time",(IF(DAY(J94-$F$81)<1,"On time",(IF(J94>$F$81,"DELAY ( "&DAY(J94-$F$81)&" day "&HOUR(J94-$F$81)&" hour "&MINUTE(J94-$F$81)&" minute )","xxx")))))) -> DELAY ( 2 day 16 hour 18 minute ) | P94: V | Q94: V | R94: V | AJ94: =H94 -> 7500
B95: 9 | D95: PSY | H95: =H97-SUM(H87:H94) -> 4317.155 | I95: IMM WB LS | P95: V | T95: =H95 -> 4317.155
B96: TOTAL CARGO SUPPLY | H96: =SUM(H87:H95) -> 58500 | N96: =IF(ISBLANK(J96)," ",IF(J96<$F$4,"On time",(IF(DAY(J96-$F$4)<1,"On time",(IF(J96>$F$4,"DELAY ( "&DAY(J96-$F$4)&" day "&HOUR(J96-$F$4)&" hour "&MINUTE(J96-$F$4)&" minute )","xxx"))))))
B97: STOWAGE PLAN | H97: 58500 | N97: =IF(ISBLANK(J97)," ",IF(J97<$F$4,"On time",(IF(DAY(J97-$F$4)<1,"On time",(IF(J97>$F$4,"DELAY ( "&DAY(J97-$F$4)&" day "&HOUR(J97-$F$4)&" hour "&MINUTE(J97-$F$4)&" minute )","xxx")))))) | T97: =SUM(T87:T95) -> 4317.155 | U97: =SUM(U87:U95) -> 0 | V97: =SUM(V87:V95) -> 0 | W97: =SUM(W87:W95) -> 0 | X97: =SUM(X87:X95) -> 0 | Y97: =SUM(Y87:Y95) -> 0 | Z97: =SUM(Z87:Z95) -> 0 | AA97: =SUM(AA87:AA95) -> 0 | ... AZ97: =SUM(AZ87:AZ95) -> 0 | BA97: =SUM(T97:AZ97) -> 58500
B98: BALANCE CARGO ON BOARD | H98: =H97-L81 -> 0
B99: REMAINING CARGO | H99: =H96-H97 -> 0
B101: Note:
B102: 1 | C102: Additional barge BG. RMN 333 from MV. CHANG MING 2
B103: 2 | C103: Reduce quantity of IMM due to additional 1 barge from MV. CHANG MING 2 (BG. RMN 333)
B105: VESSEL AGENT | E105: : | F105: MV. LUMOSO PROSPER | J105: COMMENCE LOADING | K105: : | L105: 44935.403
B106: LAYCAN OF VESSEL | E106: : | F106: 05 Jan - 14 Jan | J106: COMPLETED LOADING | K106: : | L106: 44937.333
B107: ARRIVAL DATE | E107: : | F107: 44934.758 | J107: CARGO ON BOARD | K107: : | L107: 55600 | M107: MT
B108: LOAD FACILITIES | E108: : | F108: PNTS | J108: BUYER | K108: : | L108: FREEPORT #1/8
B109: FLF/FC NOMINATE | E109: : | F109: WHS ISKANDAR | J109: SHIPPER | K109: : | L109: PT. TRUBAINDO COAL MINING
...

Sheet BLU FEB'23
A1: LOADING DATE | B1: POL SHARE | C1: POL | D1: TERM | E1: VESSEL NAME | G1: ETA | H1: ATA | I1: Route (POL - POD) | J1: STATUS | K1: POSITION | L1: TRIP NO. | N1: TUG | O1: BARGE | P1: PRODUCT ID | Q1: Max. Cargo | R1: Actual DSR | T1: TCM | W1: BEK | Y1: 3RD PARTY | AA1: JBG | AB1: EMB | AC1: IMM | AH1: 3RD PARTY | AV1: Trip start | AW1: Trip End | AX1: Barge Cycle (Days) | AY1: Arrive SMDS | AZ1: Depart SMDS | BA1: Arrive POL | BB1: Loading Start | BC1: Loading End | BD1: Cast off | BE1: Departure | BF1: Sailing To SMD | BG1: Open Bridge | BH1: Closing Bridge | BI1: Actual Passing Bridge | BJ1: Arrive POD | BK1: Unloading start | BL1: Unloding End | BM1: Cast Off | BN1: Departure | BO1: Arrive SMDR | BP1: Remark | BR1: INTRANSIT (SMD-POL) | BS1: LOADING | BT1: OUTRANSIT (POL-SMD) | BU1: OUTRANSIT (SMD-POD) | BV1: UNLOADING | BW1: INTRANSIT (POD-SMD) | BX1: TOTAL (DAYS) | BY1: TOTAL BARGE CYCLE (DAYS) | BZ1: FUR (%)
T2: HCVLS | U2: HCVHS | V2: HCVMS | W2: MCV-LS | X2: HCV-MS | Y2: MBL | Z2: EBH | AA2: JORONG | AB2: EMB | AC2: WB.HCV.LS | AD2: WB.HCV.HS | AE2: EB.MCV.LS | AF2: EB.MCV.MS | AG2: EB.MCV.HS | AH2: IKJ | AI2: GRM | AJ2: JHN | AK2: KMIA | AL2: KJA | AM2: BBA | AN2: BBE | AO2: ALH | AP2: IDX | AQ2: KBM | AR2: KWA | AS2: MCM | AT2: MML | AU2: SJA
A3: FEB'23 | E3: ACTUAL | F3: PLAN
A4: =BB4 -> 44985.569 | B4: DONE | C4: MML | D4: FAS | E4: BoCT/MV. ZHONG XIN PEARL | G4: 45003.279 | H4: 45003.279 | I4: BBA-BoCT | J4: Completed | K4: Completed | L4: BBA-2302-001 | N4: PRIMA SAKTI 18 | O4: PRIMA SAKTI 19 | P4: BBA | Q4: 5500 | R4: 5008.63 | AM4: =R4 -> 5008.63 | AV4: =AY4 -> 44985.562 | AW4: =BO4 -> 44992.806 | AX4: =AW4-AV4 -> 7.2430556 | AY4: 44985.562 | AZ4: 44985.562 | BA4: 44985.562 | BB4: 44985.569 | BC4: 44985.976 | BD4: 44985.976 | BE4: 44985.976 | BF4: 44985.976 | BG4: N/A | BH4: N/A | BI4: N/A | BJ4: 44992.479 | BK4: 44992.562 | BL4: 44992.792 | BM4: 44992.806 | BN4: 44992.806 | BO4: 44992.806 | BR4: =(BA4-AZ4)*24 -> 0 | BS4: =(BC4-BB4)*24 -> 9.75 | BT4: =(BF4-BE4)*24 -> 0 | BU4: =(BJ4-BF4)*24 -> 156.08333 | BV4: =(BL4-BK4)*24 -> 5.5 | BW4: =(BO4-BN4)*24 -> 0 | BX4: =SUM(BR4:BW4)/24 -> 7.1388889 | BY4: =AX4 -> 7.2430556 | BZ4: =BX4/BY4 -> 0.98561841
A5: =BB5 -> 44959.955 | B5: DONE | C5: BBE | D5: STTC | E5: BoCT/MV. ENTERPRISE | G5: 44969.471 | H5: 44969.471 | I5: BBE-BoCT | J5: Completed | K5: Completed | L5: BBE-2302-001 | N5: SELERA 3 | O5: RMN 337 | P5: BBE | Q5: =3128*2.4 -> 7507.2 | R5: 7500 | AN5: =R5 -> 7500 | AV5: =AY5 -> 44958.719 | AW5: =BO5 -> 44963.418 | AX5: =AW5-AV5 -> 4.6993056 | AY5: 44958.719 | AZ5: 44959.851 | BA5: 44959.92 | BB5: 44959.955 | BC5: 44960.448 | BD5: 44960.476 | BE5: 44960.476 | BF5: =BE5+(5/24) -> 44960.684 | BG5: 44960.542 | BH5: 44960.708 | BI5: 44960.667 | BJ5: 44962.438 | BK5: 44962.493 | BL5: 44962.948 | BM5: 44962.99 | BN5: 44962.993 | BO5: 44963.418 | BR5: =(BA5-AZ5)*24 -> 1.6666667 | BS5: =(BC5-BB5)*24 -> 11.833333 | BT5: =(BF5-BE5)*24 -> 5 | BU5: =(BJ5-BH5)*24 -> 41.5 | BV5: =(BL5-BK5)*24 -> 10.916667 | BW5: =(BO5-BN5)*24 -> 10.2 | BX5: =SUM(BR5:BW5)/24 -> 3.3798611 | BY5: =AX5 -> 4.6993056 | BZ5: =BX5/BY5 -> 0.71922565
A6: =BB6 -> 44964.983 | B6: DONE | C6: BBE | D6: STTC | E6: BoCT/MV. NORD AURIGA | G6: 44973.963 | H6: 44973.963 | I6: BBE-BoCT | J6: Completed | K6: Completed | L6: BBE-2302-002 | N6: KSA EMERALD | O6: RMN 366 | P6: BBE | Q6: =3015*2.4 -> 7236 | R6: 7500 | AN6: =R6 -> 7500 | AV6: =AY6 -> 44957.812 | AW6: =BO6 -> 44973.642 | AX6: =AW6-AV6 -> 15.829861 | AY6: 44957.812 | AZ6: 44964.872 | BA6: 44964.927 | BB6: 44964.983 | BC6: 44965.462 | BD6: 44965.483 | BE6: 44965.483 | BF6: =BE6+(5/24) -> 44965.691 | BG6: 44968.25 | BH6: 44968.417 | BI6: 44968.431 | BJ6: 44970.031 | BK6: 44972.705 | BL6: 44972.92 | BM6: 44972.934 | BN6: 44972.938 | BO6: 44973.642 | BR6: =(BA6-AZ6)*24 -> 1.3333333 | BS6: =(BC6-BB6)*24 -> 11.5 | BT6: =(BF6-BE6)*24 -> 5 | BU6: =(BJ6-BH6)*24 -> 38.75 | BV6: =(BL6-BK6)*24 -> 5.1666667 | BW6: =(BO6-BN6)*24 -> 16.916667 | BX6: =SUM(BR6:BW6)/24 -> 3.2777778 | BY6: =AX6 -> 15.829861 | BZ6: =BX6/BY6 -> 0.20706295
A7: =BB7 -> 44966.184 | B7: DONE | C7: BBE | D7: STTC | E7: MV. MAGIC VENUS | G7: 44978.833 | H7: 44978.833 | I7: BBE-BoCT | J7: Completed | K7: Completed | L7: BBE-2302-003 | N7: KSA 52 | O7: RMN 357 | P7: BBE | Q7: =3100*2.4 -> 7440 | R7: 7500 | AN7: =R7 -> 7500 | AV7: =AY7 -> 44959.979 | AW7: =BO7 -> 44974.292 | AX7: =AW7-AV7 -> 14.3125 | AY7: 44959.979 | AZ7: 44964.84 | BA7: 44964.875 | BB7: 44966.184 | BC7: 44966.618 | BD7: 44966.646 | BE7: 44966.646 | BF7: =BE7+(5/24) -> 44966.854 | BG7: 44970.292 | BH7: 44970.458 | BI7: 44970.399 | BJ7: 44973.542 | BK7: 44973.681 | BL7: 44973.91 | BM7: 44973.927 | BN7: 44973.944 | BO7: 44974.292 | BR7: =(BA7-AZ7)*24 -> 0.83333333 | BS7: =(BC7-BB7)*24 -> 10.416667 | BT7: =(BF7-BE7)*24 -> 5 | BU7: =(BJ7-BH7)*24 -> 74 | BV7: =(BL7-BK7)*24 -> 5.5 | BW7: =(BO7-BN7)*24 -> 8.3333333 | BX7: =SUM(BR7:BW7)/24 -> 4.3368056 | BY7: =AX7 -> 14.3125 | BZ7: =BX7/BY7 -> 0.30300825
A8: =BB8 -> 44965.545 | B8: DONE | C8: BBE | D8: STTC | E8: MV. MAGIC VENUS | G8: 44978.833 | H8: 44978.833 | I8: BBE-BoCT | J8: Completed | K8: Completed | L8: BBE-2302-004 | N8: FERY XXI | O8: MASADA 10 | P8: BBE | Q8: =3107*2.4 -> 7456.8 | R8: 7500 | AN8: =R8 -> 7500 | AV8: =AY8 -> 44960.319 | AW8: =BO8 -> 44969.5 | AX8: =AW8-AV8 -> 9.1805556 | AY8: 44960.319 | AZ8: 44964.632 | BA8: 44964.719 | BB8: 44965.545 | BC8: 44966.104 | BD8: 44966.139 | BE8: 44966.139 | BF8: =BE8+(5/24) -> 44966.347 | BG8: 44966.25 | BH8: 44966.417 | BI8: 44966.302 | BJ8: 44968.5 | BK8: 44968.639 | BL8: 44969.028 | BM8: 44969.094 | BN8: 44969.115 | BO8: 44969.5 | BR8: =(BA8-AZ8)*24 -> 2.0833333 | BS8: =(BC8-BB8)*24 -> 13.416667 | BT8: =(BF8-BE8)*24 -> 5 | BU8: =(BJ8-BF8)*24 -> 51.666667 | BV8: =(BL8-BK8)*24 -> 9.3333333 | BW8: =(BO8-BN8)*24 -> 9.25 | BX8: =SUM(BR8:BW8)/24 -> 3.78125 | BY8: =AX8 -> 9.1805556 | BZ8: =BX8/BY8 -> 0.41187595
D9: STTC | J9: DOCKING | L9: BEK-2302-001 | N9: KSA 49 | O9: ISA 310 | Q9: =3136*2.4 -> 7526.4 | AV9: =AY9 -> 44958 | AW9: =BO9 -> 44986 | AX9: =AW9-AV9 -> 28 | AY9: 44958 | BO9: 44986 | BP9: Subs.of BG. RMN 333 ; Instruction to POL on 11 Jan | BR9: =(BA9-AZ9)*24 -> 0 | BS9: =(BC9-BB9)*24 -> 0 | BT9: =(BF9-BE9)*24 -> 0 | BU9: =(BJ9-BH9)*24 -> 0 | BV9: =(BL9-BK9)*24 -> 0 | BW9: =(BO9-BN9)*24 -> 1079664 | BX9: =SUM(BR9:BW9)/24 -> 44986 | BY9: =AX9 -> 28 | BZ9: =BX9/BY9 -> 1606.6429
A10: =BB10 -> 44971.09 | B10: DONE/FIX | C10: BUNYUT | D10: STTC | E10: MV. MAGIC TWILIGHT | G10: 44972.001 | H10: 44972.001 | I10: BEK-MBR | J10: Completed | K10: Completed | L10: BEK-2302-002 | N10: KSA 45 | O10: RMN 342J | P10: BEK MCVLS | Q10: 7500 | R10: 7417.745 | W10: =R10 -> 7417.745 | AV10: =AY10 -> 44958 | AW10: =BO10 -> 44980.042 | AX10: =AW10-AV10 -> 22.041667 | AY10: 44958 | AZ10: 44961.385 | BA10: 44963.271 | BB10: 44971.09 | BC10: 44971.257 | BD10: 44971.26 | BE10: 44971.26 | BF10: =BE10+(41/24) -> 44972.969 | BG10: 44973.542 | BH10: 44973.708 | BI10: 44973.688 | BJ10: 44977.292 | BK10: 44979.465 | BL10: 44979.708 | BM10: 44979.729 | BN10: 44979.729 | BO10: 44980.042 | BP10: Subs.of TB. KOMPAS 03 / BG. RMN 337 | BR10: =(BA10-AZ10)*24 -> 45.25 | BS10: =(BC10-BB10)*24 -> 4 | BT10: =(BF10-BE10)*24 -> 41 | BU10: =(BJ10-BH10)*24 -> 86.000001 | BV10: =(BL10-BK10)*24 -> 5.8333333 | BW10: =(BO10-BN10)*24 -> 7.5 | BX10: =SUM(BR10:BW10)/24 -> 7.8993056 | BY10: =AX10 -> 22.041667 | BZ10: =BX10/BY10 -> 0.35838059
D11: STTC | J11: DOCKING | L11: BEK-2302-003 | N11: KALTIM DOLPHIN 17 - 08 | O11: KALTIM FT 80-01 | Q11: =3146*2.4 -> 7550.4 | AV11: =AY11 -> 44958 | AW11: =BO11 -> 44986 | AX11: =AW11-AV11 -> 28 | AY11: 44958 | BO11: 44986 | BP11: Instruction to POL on 14 Jan | BR11: =(BA11-AZ11)*24 -> 0 | BS11: =(BC11-BB11)*24 -> 0 | BT11: =(BF11-BE11)*24 -> 0 | BU11: =(BJ11-BH11)*24 -> 0 | BV11: =(BL11-BK11)*24 -> 0 | BW11: =(BO11-BN11)*24 -> 1079664 | BX11: =SUM(BR11:BW11)/24 -> 44986 | BY11: =AX11 -> 28 | BZ11: =BX11/BY11 -> 1606.6429
D12: TC | J12: DOCKING | L12: BEK-2302-004 | N12: BERAU COAL 26 | O12: ROBBY 116 | Q12: =3852*2.4 -> 9244.8 | AV12: =AY12 -> 44958 | AW12: =BO12 -> 44963.389 | AX12: =AW12-AV12 -> 5.3888889 | AY12: 44958 | AZ12: N/A | BA12: N/A | BB12: N/A | BC12: N/A | BD12: N/A | BE12: N/A | BF12: N/A | BG12: N/A | BH12: N/A | BI12: N/A | BJ12: N/A | BK12: N/A | BL12: N/A | BM12: N/A | BN12: N/A | BO12: 44963.389 | BP12: Subs.of TB. BLORO 10 | BR12: =(BA12-AZ12)*24 -> #VALUE! | BS12: =(BC12-BB12)*24 -> #VALUE! | BT12: =(BF12-BE12)*24 -> #VALUE! | BU12: =(BJ12-BH12)*24 -> #VALUE! | BV12: =(BL12-BK12)*24 -> #VALUE! | BW12: =(BO12-BN12)*24 -> #VALUE! | BX12: =SUM(BR12:BW12)/24 -> #VALUE! | BY12: =AX12 -> 5.3888889 | BZ12: =BX12/BY12 -> #VALUE!
A13: =BB13 -> 44959.158 | B13: DONE/FIX | C13: BUNYUT | D13: STTC | E13: MV. CEDRIC OLDENDORFF | G13: 44955.896 | H13: 44955.896 | I13: BEK-MBR | J13: Completed | K13: Completed | L13: BEK-2302-005 | N13: BIG FAIR 15 | O13: ROBBY 112 | P13: BEK MCVLS | Q13: =3136*2.4 -> 7526.4 | R13: =7598.229-6288.251 -> 1309.978 | W13: =R13 -> 1309.978 | AV13: =AY13 -> 44955.062 | AW13: =BO13 -> 44966.062 | AX13: =AW13-AV13 -> 11 | AY13: 44955.062 | AZ13: 44956.816 | BA13: 44958.896 | BB13: 44959.158 | BC13: 44959.361 | BD13: 44959.372 | BE13: 44959.372 | BF13: =BE13+(41/24) -> 44961.08 | BG13: 44962.25 | BH13: 44962.417 | BI13: 44962.278 | BJ13: 44963.542 | BK13: 44964.337 | BL13: 44964.549 | BM13: 44964.615 | BN13: 44966.062 | BO13: 44966.062 | BR13: =(BA13-AZ13)*24 -> 49.916667 | BS13: =(BC13-BB13)*24 -> 4.8833333 | BT13: =(BF13-BE13)*24 -> 41 | BU13: =(BJ13-BH13)*24 -> 27 | BV13: =(BL13-BK13)*24 -> 5.0833333 | BW13: =(BO13-BN13)*24 -> 0 | BX13: =SUM(BR13:BW13)/24 -> 5.3284722 | BY13: =AX13 -> 11 | BZ13: =BX13/BY13 -> 0.48440657
A14: =BB14 -> 44959.158 | B14: DONE/FIX | C14: BUNYUT | D14: STTC | E14: MV. MAGIC VENUS | G14: 44978.833 | H14: 44978.833 | I14: BEK-BoCT | J14: Completed | K14: Completed | L14: BEK-2302-005 | N14: BIG FAIR 15 | O14: ROBBY 112 | P14: BEK MCVLS | Q14: =3136*2.4 -> 7526.4 | R14: 6022 | W14: =R14 -> 6022 | AV14: =AY14 -> 44955.062 | AW14: =BO14 -> 44968.396 | AX14: =AW14-AV14 -> 13.333333 | AY14: 44955.062 | AZ14: 44956.816 | BA14: 44958.896 | BB14: 44959.158 | BC14: 44959.361 | BD14: 44959.372 | BE14: 44959.372 | BF14: =BE14+(41/24) -> 44961.08 | BG14: 44962.25 | BH14: 44962.417 | BI14: 44962.278 | BJ14: 44966.333 | BK14: 44967.365 | BL14: 44967.608 | BM14: 44967.622 | BN14: 44967.844 | BO14: 44968.396 | BR14: =(BA14-AZ14)*24 -> 49.916667 | BS14: =(BC14-BB14)*24 -> 4.8833333 | BT14: =(BF14-BE14)*24 -> 41 | BU14: =(BJ14-BH14)*24 -> 94 | BV14: =(BL14-BK14)*24 -> 5.8333333 | BW14: =(BO14-BN14)*24 -> 13.25 | BX14: =SUM(BR14:BW14)/24 -> 8.7034722 | BY14: =AX14 -> 13.333333 | BZ14: =BX14/BY14 -> 0.65276042
A15: =BB15 -> 44967.017 | B15: DONE/FIX | C15: BUNYUT | D15: STTC | E15: MV. HONG KUN 7 | G15: 44973.99 | H15: 44973.999 | I15: BEK-MBR | J15: Completed | K15: Completed | L15: BEK-2302-006 | N15: KALTIM DOLPHIN 17 - 10 | O15: KALTIM FT 80 - 03 | P15: BEK HCVMS | Q15: =3102*2.4 -> 7444.8 | R15: 7634.335 | X15: =R15 -> 7634.335 | AV15: =AY15 -> 44950.889 | AW15: =BO15 -> 44975.917 | AX15: =AW15-AV15 -> 25.027778 | AY15: 44950.889 | AZ15: 44957.837 | BA15: 44960.083 | BB15: 44967.017 | BC15: 44967.911 | BD15: 44967.917 | BE15: 44967.917 | BF15: =BE15+(41/24) -> 44969.625 | BG15: 44970.292 | BH15: 44970.458 | BI15: 44970.361 | BJ15: 44973.729 | BK15: 44975.434 | BL15: 44975.594 | BM15: 44975.615 | BN15: 44975.615 | BO15: 44975.917 | BP15: Subs.of TB. KALTIM DOLPHIN 17 - 06 | BR15: =(BA15-AZ15)*24 -> 53.916667 | BS15: =(BC15-BB15)*24 -> 21.45 | BT15: =(BF15-BE15)*24 -> 41 | BU15: =(BJ15-BH15)*24 -> 78.5 | BV15: =(BL15-BK15)*24 -> 3.8333333 | BW15: =(BO15-BN15)*24 -> 7.25 | BX15: =SUM(BR15:BW15)/24 -> 8.58125 | BY15: =AX15 -> 25.027778 | BZ15: =BX15/BY15 -> 0.34286903
A16: =BB16 -> 44971.733 | B16: DONE/FIX | C16: BUNYUT | D16: STTC | E16: MV. MAGIC TWILIGHT | G16: 44972.001 | H16: 44972.001 | I16: BEK-MBR | J16: Completed | K16: Completed | L16: BEK-2302-007 | N16: LINTAS SAMUDERA 31 | O16: LINTAS SAMUDERA XVIII | P16: BEK MCVLS | Q16: =3128*2.4 -> 7507.2 | R16: =7535.942-5574.283 -> 1961.659 | W16: =R16 -> 1961.659 | AV16: =AY16 -> 44961.549 | AW16: =BO16 -> 44979.906 | AX16: =AW16-AV16 -> 18.357639 | AY16: 44961.549 | AZ16: 44964.552 | BA16: 44968.688 | BB16: 44971.733 | BC16: 44971.927 | BD16: 44971.934 | BE16: 44971.934 | BF16: =BE16+(41/24) -> 44973.642 | BG16: 44973.542 | BH16: 44973.708 | BI16: 44973.635 | BJ16: 44976.413 | BK16: 44979.771 | BL16: 44979.833 | BM16: 44979.906 | BN16: 44979.906 | BO16: 44979.906 | BP16: Instruction depart to POL on 9 Feb | BR16: =(BA16-AZ16)*24 -> 99.25 | BS16: =(BC16-BB16)*24 -> 4.6666667 | BT16: =(BF16-BE16)*24 -> 41 | BU16: =(BJ16-BH16)*24 -> 64.916668 | BV16: =(BL16-BK16)*24 -> 1.5 | BW16: =(BO16-BN16)*24 -> 0 | BX16: =SUM(BR16:BW16)/24 -> 8.8055556 | BY16: =AX16 -> 18.357639 | BZ16: =BX16/BY16 -> 0.47966711
A17: =BB17 -> 44971.733 | B17: DONE/FIX | C17: BUNYUT | D17: STTC | E17: MV. HC FORWARD | G17: 44982.417 | H17: 44982.378 | I17: BEK-MBR | J17: Completed | K17: Completed | L17: BEK-2302-007 | N17: LINTAS SAMUDERA 31 | O17: LINTAS SAMUDERA XVIII | P17: BEK MCVLS | Q17: =3128*2.4 -> 7507.2 | R17: 4696 | W17: =R17 -> 4696 | AV17: =AY17 -> 44961.549 | AW17: =BO17 -> 44989.549 | AX17: =AW17-AV17 -> 28 | AY17: 44961.549 | AZ17: 44964.552 | BA17: 44968.688 | BB17: 44971.733 | BC17: 44971.927 | BD17: 44971.934 | BE17: 44971.934 | BF17: =BE17+(41/24) -> 44973.642 | BG17: 44973.542 | BH17: 44973.708 | BI17: 44973.635 | BJ17: 44979.906 | BK17: 44988.674 | BL17: 44988.882 | BM17: 44988.896 | BN17: 44989.292 | BO17: 44989.549 | BP17: Instruction depart to POL on 9 Feb | BR17: =(BA17-AZ17)*24 -> 99.25 | BS17: =(BC17-BB17)*24 -> 4.6666667 | BT17: =(BF17-BE17)*24 -> 41 | BU17: =(BJ17-BH17)*24 -> 148.75 | BV17: =(BL17-BK17)*24 -> 5 | BW17: =(BO17-BN17)*24 -> 6.1666667 | BX17: =SUM(BR17:BW17)/24 -> 12.701389 | BY17: =AX17 -> 28 | BZ17: =BX17/BY17 -> 0.45362103
A18: =BB18 -> 44965.16 | B18: DONE/FIX | C18: BUNYUT | D18: STTC | E18: MV. MAGIC VENUS | G18: 44978.833 | H18: 44978.833 | I18: BEK-BoCT | J18: Completed | K18: Completed | L18: BEK-2302-008 | N18: BLORO 25 | O18: ROBBY 365 | P18: BEK BLEND TS 0.80 MAX | Q18: =3271*2.4 -> 7850.4 | R18: 7607.163 | W18: =R18*0.8 -> 6085.7304 | X18: =R18*0.2 -> 1521.4326 | AV18: =AY18 -> 44955.344 | AW18: =BO18 -> 44972.257 | AX18: =AW18-AV18 -> 16.913194 | AY18: 44955.344 | AZ18: 44957.608 | BA18: 44959.448 | BB18: 44965.16 | BC18: 44965.358 | BD18: 44965.361 | BE18: 44965.361 | BF18: =BE18+(41/24) -> 44967.069 | BG18: 44967.25 | BH18: 44967.417 | BI18: 44967.316 | BJ18: 44969 | BK18: 44971.413 | BL18: 44971.656 | BM18: 44971.67 | BN18: 44971.764 | BO18: 44972.257 | BR18: =(BA18-AZ18)*24 -> 44.166667 | BS18: =(BC18-BB18)*24 -> 4.75 | BT18: =(BF18-BE18)*24 -> 41 | BU18: =(BJ18-BH18)*24 -> 38 | BV18: =(BL18-BK18)*24 -> 5.8333333 | BW18: =(BO18-BN18)*24 -> 11.833333 | BX18: =SUM(BR18:BW18)/24 -> 6.0659722 | BY18: =AX18 -> 16.913194 | BZ18: =BX18/BY18 -> 0.35865325
A19: =BB19 -> 44964.733 | B19: DONE/FIX | C19: BUNYUT | D19: TC | E19: MV. MAGIC VENUS | F19: MV. CEDRIC OLDENDORFF | G19: 44978.833 | H19: 44978.833 | I19: BEK-BoCT | J19: Completed | K19: Completed | L19: BEK-2302-009 | N19: BERAU COAL 55 | O19: ROBBY 100 | P19: BEK BLEND TS 0.80 MAX | Q19: =3852*2.4 -> 9244.8 | R19: 9158.92 | W19: =R19*0.8 -> 7327.136 | X19: =R19*0.2 -> 1831.784 | AV19: =AY19 -> 44955.49 | AW19: =BO19 -> 44970.431 | AX19: =AW19-AV19 -> 14.940972 | AY19: 44955.49 | AZ19: 44956.802 | BA19: 44958.667 | BB19: 44964.733 | BC19: 44964.969 | BD19: 44964.976 | BE19: 44965.299 | BF19: =BE19+(41/24) -> 44967.007 | BG19: 44967.25 | BH19: 44967.417 | BI19: 44967.278 | BJ19: 44968.948 | BK19: 44969.17 | BL19: 44969.562 | BM19: 44969.576 | BN19: 44969.847 | BO19: 44970.431 | BR19: =(BA19-AZ19)*24 -> 44.75 | BS19: =(BC19-BB19)*24 -> 5.6666667 | BT19: =(BF19-BE19)*24 -> 41 | BU19: =(BJ19-BH19)*24 -> 36.75 | BV19: =(BL19-BK19)*24 -> 9.4166667 | BW19: =(BO19-BN19)*24 -> 14 | BX19: =SUM(BR19:BW19)/24 -> 6.3159722 | BY19: =AX19 -> 14.940972 | BZ19: =BX19/BY19 -> 0.42272833
A20: =BB20 -> 44958.424 | B20: DONE/FIX | C20: BUNYUT | D20: TC | E20: MV. CEDRIC OLDENDORFF | G20: 44955.896 | H20: 44955.896 | I20: BEK-MBR | J20: Completed | K20: Completed | L20: BEK-2302-010 | N20: SJP 88 | O20: ROBBY 123 | P20: BEK MCVLS | Q20: =3852*2.4 -> 9244.8 | R20: 9070.912 | W20: =R20 -> 9070.912 | AV20: =AY20 -> 44955.667 | AW20: =BO20 -> 44963.812 | AX20: =AW20-AV20 -> 8.1458333 | AY20: 44955.667 | AZ20: 44956.587 | BA20: 44958.312 | BB20: 44958.424 | BC20: 44958.573 | BD20: 44958.58 | BE20: 44958.58 | BF20: =BE20+(41/24) -> 44960.288 | BG20: 44960.542 | BH20: 44960.708 | BI20: 44960.649 | BJ20: 44961.438 | BK20: 44963.052 | BL20: 44963.361 | BM20: 44963.382 | BN20: 44963.625 | BO20: 44963.812 | BR20: =(BA20-AZ20)*24 -> 41.416667 | BS20: =(BC20-BB20)*24 -> 3.5833333 | BT20: =(BF20-BE20)*24 -> 41 | BU20: =(BJ20-BH20)*24 -> 17.5 | BV20: =(BL20-BK20)*24 -> 7.4166667 | BW20: =(BO20-BN20)*24 -> 4.5 | BX20: =SUM(BR20:BW20)/24 -> 4.8090278 | BY20: =AX20 -> 8.1458333 | BZ20: =BX20/BY20 -> 0.59036658
A21: =BB21 -> 44965.378 | B21: DONE/FIX | C21: BUNYUT | D21: TC | E21: MV. MAGIC VENUS | G21: 44978.833 | H21: 44978.833 | I21: BEK-BoCT | J21: Completed | K21: Completed | L21: BEK-2302-011 | N21: BERAU COAL 30 | O21: ROBBY 303 | P21: BEK BLEND TS 0.80 MAX | Q21: =3137*2.4 -> 7528.8 | R21: 7427.695 | W21: =R21*0.8 -> 5942.156 | X21: =R21*0.2 -> 1485.539 | AV21: =AY21 -> 44955.521 | AW21: =BO21 -> 44973.052 | AX21: =AW21-AV21 -> 17.53125 | AY21: 44955.521 | AZ21: 44957.646 | BA21: 44959.674 | BB21: 44965.378 | BC21: 44965.521 | BD21: 44965.524 | BE21: 44965.524 | BF21: =BE21+(41/24) -> 44967.233 | BG21: 44967.25 | BH21: 44967.417 | BI21: 44967.281 | BJ21: 44969.031 | BK21: 44971.431 | BL21: 44972.601 | BM21: 44972.639 | BN21: 44972.653 | BO21: 44973.052 | BR21: =(BA21-AZ21)*24 -> 48.666667 | BS21: =(BC21-BB21)*24 -> 3.4166667 | BT21: =(BF21-BE21)*24 -> 41 | BU21: =(BJ21-BH21)*24 -> 38.75 | BV21: =(BL21-BK21)*24 -> 28.083333 | BW21: =(BO21-BN21)*24 -> 9.5833333 | BX21: =SUM(BR21:BW21)/24 -> 7.0625 | BY21: =AX21 -> 17.53125 | BZ21: =BX21/BY21 -> 0.40285205
A22: =BB22 -> 44965.545 | B22: DONE/FIX | C22: BUNYUT | D22: STTC | E22: MV. MAGIC VENUS | G22: 44978.833 | H22: 44978.833 | I22: BEK-BoCT | J22: Completed | K22: Completed | L22: BEK-2302-012 | N22: ANUGERAH 2 | O22: RMN 3302 | P22: BEK BLEND TS 0.80 MAX | Q22: =4111*2.4 -> 9866.4 | R22: 9978.69 | W22: =R22*0.8 -> 7982.952 | X22: =R22*0.2 -> 1995.738 | AV22: =AY22 -> 44955.956 | AW22: =BO22 -> 44973.347 | AX22: =AW22-AV22 -> 17.390972 | AY22: 44955.956 | AZ22: 44957.663 | BA22: 44959.708 | BB22: 44965.545 | BC22: 44965.76 | BD22: 44965.767 | BE22: 44966.292 | BF22: =BE22+(41/24) -> 44968 | BG22: 44968.25 | BH22: 44968.417 | BI22: 44968.372 | BJ22: 44970.323 | BK22: 44972.01 | BL22: 44972.375 | BM22: 44972.403 | BN22: 44972.854 | BO22: 44973.347 | BR22: =(BA22-AZ22)*24 -> 49.083333 | BS22: =(BC22-BB22)*24 -> 5.1666667 | BT22: =(BF22-BE22)*24 -> 41 | BU22: =(BJ22-BH22)*24 -> 45.75 | BV22: =(BL22-BK22)*24 -> 8.75 | BW22: =(BO22-BN22)*24 -> 11.833333 | BX22: =SUM(BR22:BW22)/24 -> 6.7326389 | BY22: =AX22 -> 17.390972 | BZ22: =BX22/BY22 -> 0.38713413
A23: =BB23 -> 44966.806 | B23: DONE/FIX | C23: BUNYUT | D23: STTC | E23: MV. HONG KUN 7 | G23: 44973.99 | H23: 44973.999 | I23: BEK-MBR | J23: Completed | K23: Completed | L23: BEK-2302-013 | N23: SSP 788 | O23: ROBBY 155 | P23: BEK HCVMS | Q23: =3136*2.4 -> 7526.4 | R23: 7462.121 | X23: =R23 -> 7462.121 | AV23: =AY23 -> 44956.181 | AW23: =BO23 -> 44976.458 | AX23: =AW23-AV23 -> 20.277778 | AY23: 44956.181 | AZ23: 44957.819 | BA23: 44959.757 | BB23: 44966.806 | BC23: 44966.979 | BD23: 44966.983 | BE23: 44966.983 | BF23: =BE23+(41/24) -> 44968.691 | BG23: 44969.25 | BH23: 44969.417 | BI23: 44969.396 | BJ23: 44974.354 | BK23: 44975.656 | BL23: 44975.837 | BM23: 44975.858 | BN23: 44976.208 | BO23: 44976.458 | BR23: =(BA23-AZ23)*24 -> 46.5 | BS23: =(BC23-BB23)*24 -> 4.1666667 | BT23: =(BF23-BE23)*24 -> 41 | BU23: =(BJ23-BH23)*24 -> 118.5 | BV23: =(BL23-BK23)*24 -> 4.3333333 | BW23: =(BO23-BN23)*24 -> 6 | BX23: =SUM(BR23:BW23)/24 -> 9.1875 | BY23: =AX23 -> 20.277778 | BZ23: =BX23/BY23 -> 0.45308219
A24: =BB24 -> 44964.997 | B24: DONE/FIX | C24: BUNYUT | D24: STTC | E24: MV. MAGIC VENUS | G24: 44978.833 | H24: 44978.833 | I24: BEK-BoCT | J24: Completed | K24: Completed | L24: BEK-2302-014 | N24: MAHKOTA JAYA 06 | O24: MAHKOTA PRIMA 06 | P24: BEK BLEND TS 0.80 MAX | Q24: =3095*2.4 -> 7428 | R24: 7503.464 | W24: =R24*0.8 -> 6002.7712 | X24: =R24*0.2 -> 1500.6928 | AV24: =AY24 -> 44956.583 | AW24: =BO24 -> 44972.551 | AX24: =AW24-AV24 -> 15.968056 | AY24: 44956.583 | AZ24: 44957.642 | BA24: 44959.438 | BB24: 44964.997 | BC24: 44965.132 | BD24: 44965.139 | BE24: 44965.292 | BF24: =BE24+(41/24) -> 44967 | BG24: 44967.25 | BH24: 44967.417 | BI24: 44967.274 | BJ24: 44969.139 | BK24: 44971.715 | BL24: 44971.927 | BM24: 44971.944 | BN24: 44971.948 | BO24: 44972.551 | BR24: =(BA24-AZ24)*24 -> 43.1 | BS24: =(BC24-BB24)*24 -> 3.25 | BT24: =(BF24-BE24)*24 -> 41 | BU24: =(BJ24-BH24)*24 -> 41.333333 | BV24: =(BL24-BK24)*24 -> 5.0833333 | BW24: =(BO24-BN24)*24 -> 14.483333 | BX24: =SUM(BR24:BW24)/24 -> 6.1770833 | BY24: =AX24 -> 15.968056 | BZ24: =BX24/BY24 -> 0.38684005
A25: =BB25 -> 44966.604 | B25: DONE/FIX | C25: BUNYUT | D25: STTC | E25: MV. HONG KUN 7 | F25: MV. MAGIC VENUS BoCT - MASINLOC | G25: 44973.99 | H25: 44973.999 | I25: BEK-MBR | J25: Completed | K25: Completed | L25: BEK-2302-015 | N25: KENCANA LAUT | O25: CEMERLANG 9 | P25: BEK HCVMS | Q25: =3215*2.4 -> 7716 | R25: 7614.318 | X25: =R25 -> 7614.318 | AV25: =AY25 -> 44956.646 | AW25: =BO25 -> 44975.438 | AX25: =AW25-AV25 -> 18.791667 | AY25: 44956.646 | AZ25: 44957.622 | BA25: 44959.75 | BB25: 44966.604 | BC25: 44966.743 | BD25: 44966.747 | BE25: 44966.747 | BF25: =BE25+(41/24) -> 44968.455 | BG25: 44968.25 | BH25: 44968.417 | BI25: 44968.403 | BJ25: 44974.5 | BK25: 44974.667 | BL25: 44974.823 | BM25: 44974.844 | BN25: 44975.167 | BO25: 44975.438 | BR25: =(BA25-AZ25)*24 -> 51.083333 | BS25: =(BC25-BB25)*24 -> 3.3333333 | BT25: =(BF25-BE25)*24 -> 41 | BU25: =(BJ25-BH25)*24 -> 146 | BV25: =(BL25-BK25)*24 -> 3.75 | BW25: =(BO25-BN25)*24 -> 6.5 | BX25: =SUM(BR25:BW25)/24 -> 10.486111 | BY25: =AX25 -> 18.791667 | BZ25: =BX25/BY25 -> 0.55801922
A26: =BB26 -> 44968.455 | B26: DONE/FIX | C26: BUNYUT | D26: STTC | E26: MV. HONG KUN 7 | G26: 44973.99 | H26: 44973.999 | I26: BEK-MBR | J26: Completed | K26: Completed | L26: BEK-2302-016 | N26: BERAU COAL 31 | O26: ROBBY 362 | P26: BEK HCVMS | Q26: =3242 *2.4 -> 7780.8 | R26: 7527.209 | X26: =R26 -> 7527.209 | AV26: =AY26 -> 44956.875 | AW26: =BO26 -> 44976.542 | AX26: =AW26-AV26 -> 19.666667 | AY26: 44956.875 | AZ26: 44958.823 | BA26: 44960.993 | BB26: 44968.455 | BC26: 44968.618 | BD26: 44968.628 | BE26: 44968.628 | BF26: =BE26+(41/24) -> 44970.337 | BG26: 44970.292 | BH26: 44970.458 | BI26: 44970.368 | BJ26: 44974.424 | BK26: 44975.899 | BL26: 44976.115 | BM26: 44976.135 | BN26: 44976.135 | BO26: 44976.542 | BR26: =(BA26-AZ26)*24 -> 52.083333 | BS26: =(BC26-BB26)*24 -> 3.9166667 | BT26: =(BF26-BE26)*24 -> 41 | BU26: =(BJ26-BH26)*24 -> 95.166667 | BV26: =(BL26-BK26)*24 -> 5.1666667 | BW26: =(BO26-BN26)*24 -> 9.75 | BX26: =SUM(BR26:BW26)/24 -> 8.6284722 | BY26: =AX26 -> 19.666667 | BZ26: =BX26/BY26 -> 0.43873588
A27: =BB27 -> 44967.934 | B27: DONE/FIX | C27: BUNYUT | D27: TC | E27: MV. HONG KUN 7 | G27: 44973.99 | H27: 44973.999 | I27: BEK-MBR | J27: Completed | K27: Completed | L27: BEK-2302-017 | N27: HARMONY XVI | O27: LINTAS SAMUDERA XX | P27: BEK HCVMS | Q27: =3087*2.4 -> 7408.8 | R27: 7454.884 | X27: =R27 -> 7454.884 | AV27: =AY27 -> 44957.194 | AW27: =BO27 -> 44975.771 | AX27: =AW27-AV27 -> 18.576389 | AY27: 44957.194 | AZ27: 44958.347 | BA27: 44960.396 | BB27: 44967.934 | BC27: 44968.097 | BD27: 44968.101 | BE27: 44968.292 | BF27: =BE27+(41/24) -> 44970 | BG27: 44970.292 | BH27: 44970.458 | BI27: 44970.337 | BJ27: 44973.49 | BK27: 44975.135 | BL27: 44975.372 | BM27: 44975.392 | BN27: 44975.569 | BO27: 44975.771 | BR27: =(BA27-AZ27)*24 -> 49.166667 | BS27: =(BC27-BB27)*24 -> 3.9166667 | BT27: =(BF27-BE27)*24 -> 41 | BU27: =(BJ27-BH27)*24 -> 72.75 | BV27: =(BL27-BK27)*24 -> 5.6666667 | BW27: =(BO27-BN27)*24 -> 4.8333333 | BX27: =SUM(BR27:BW27)/24 -> 7.3888889 | BY27: =AX27 -> 18.576389 | BZ27: =BX27/BY27 -> 0.39775701
A28: =BB28 -> 44968.649 | B28: DONE/FIX | C28: BUNYUT | D28: STTC | E28: MV. HC FORWARD | G28: 44982.417 | H28: 44982.378 | I28: BEK-MBR | J28: Completed | K28: Completed | L28: BEK-2302-018 | N28: BERAU COAL 63 | O28: ROBBY 363 | P28: BEK HCVMS | Q28: =3271*2.4 -> 7850.4 | R28: 7400.061 | X28: =R28 -> 7400.061 | AV28: =AY28 -> 44958.333 | AW28: =BO28 -> 44989.715 | AX28: =AW28-AV28 -> 31.381944 | AY28: 44958.333 | AZ28: 44958.812 | BA28: 44960.792 | BB28: 44968.649 | BC28: 44968.865 | BD28: 44968.868 | BE28: 44969.292 | BF28: =BE28+(41/24) -> 44971 | BG28: 44971.292 | BH28: 44971.458 | BI28: 44971.347 | BJ28: 44974.361 | BK28: 44988.674 | BL28: 44989.229 | BM28: 44989.236 | BN28: 44989.292 | BO28: 44989.715 | BR28: =(BA28-AZ28)*24 -> 47.5 | BS28: =(BC28-BB28)*24 -> 5.1666667 | BT28: =(BF28-BE28)*24 -> 41 | BU28: =(BJ28-BH28)*24 -> 69.666668 | BV28: =(BL28-BK28)*24 -> 13.333333 | BW28: =(BO28-BN28)*24 -> 10.166667 | BX28: =SUM(BR28:BW28)/24 -> 7.7847223 | BY28: =AX28 -> 31.381944 | BZ28: =BX28/BY28 -> 0.24806373
A29: =BB29 -> 44969.125 | B29: DONE/FIX | C29: BUNYUT | D29: TC | E29: MV. HONG KUN 7 | G29: 44973.99 | H29: 44973.999 | I29: BEK-MBR | J29: Completed | K29: Completed | L29: BEK-2302-019 | N29: KINGFISHER 518 | O29: ASIA RIDER 801 | P29: BEK HCVMS | Q29: =3097*2.4 -> 7432.8 | R29: 7570.4 | X29: =R29 -> 7570.4 | AV29: =AY29 -> 44958.604 | AW29: =BO29 -> 44975.441 | AX29: =AW29-AV29 -> 16.836806 | AY29: 44958.604 | AZ29: 44959.389 | BA29: 44961.312 | BB29: 44969.125 | BC29: 44969.356 | BD29: 44969.361 | BE29: 44969.361 | BF29: =BE29+(41/24) -> 44971.069 | BG29: 44971.292 | BH29: 44971.458 | BI29: 44971.306 | BJ29: 44973.417 | BK29: 44974.885 | BL29: 44975.073 | BM29: 44975.094 | BN29: 44975.094 | BO29: 44975.441 | BR29: =(BA29-AZ29)*24 -> 46.166667 | BS29: =(BC29-BB29)*24 -> 5.55 | BT29: =(BF29-BE29)*24 -> 41 | BU29: =(BJ29-BH29)*24 -> 47.000001 | BV29: =(BL29-BK29)*24 -> 4.5 | BW29: =(BO29-BN29)*24 -> 8.3333333 | BX29: =SUM(BR29:BW29)/24 -> 6.3562501 | BY29: =AX29 -> 16.836806 | BZ29: =BX29/BY29 -> 0.37752114
A30: =BB30 -> 44968.899 | B30: DONE/FIX | C30: BUNYUT | D30: TC | E30: MV. HONG KUN 7 | G30: 44973.99 | H30: 44973.999 | I30: BEK-MBR | J30: Completed | K30: Completed | L30: BEK-2302-020 | N30: TEMAN SEJATI II | O30: ROBBY 106 | P30: BEK HCVMS | Q30: =3852*2.4 -> 9244.8 | R30: 9235.349 | X30: =R30 -> 9235.349 | AV30: =AY30 -> 44958.625 | AW30: =BO30 -> 44976.759 | AX30: =AW30-AV30 -> 18.134028 | AY30: 44958.625 | AZ30: 44959.361 | BA30: 44961.111 | BB30: 44968.899 | BC30: 44969.094 | BD30: 44969.104 | BE30: 44969.104 | BF30: =BE30+(41/24) -> 44970.812 | BG30: 44971.292 | BH30: 44971.458 | BI30: 44971.333 | BJ30: 44974.465 | BK30: 44976.177 | BL30: 44976.378 | BM30: 44976.399 | BN30: 44976.59 | BO30: 44976.759 | BR30: =(BA30-AZ30)*24 -> 42 | BS30: =(BC30-BB30)*24 -> 4.6666667 | BT30: =(BF30-BE30)*24 -> 41 | BU30: =(BJ30-BH30)*24 -> 72.166668 | BV30: =(BL30-BK30)*24 -> 4.8333333 | BW30: =(BO30-BN30)*24 -> 4.05 | BX30: =SUM(BR30:BW30)/24 -> 7.0298612 | BY30: =AX30 -> 18.134028 | BZ30: =BX30/BY30 -> 0.38766132
A31: =BB31 -> 44970.656 | B31: DONE/FIX | C31: BUNYUT | D31: STTC | E31: MV. MAGIC TWILIGHT | G31: 44972.001 | H31: 44972.001 | I31: BEK-MBR | J31: Completed | K31: Completed | L31: BEK-2302-021 | N31: BERAU COAL 9 | O31: ROBBY 337 | P31: BEK MCVLS | Q31: =3139*2.4 -> 7533.6 | R31: 7471.056 | W31: =R31 -> 7471.056 | AV31: =AY31 -> 44959.264 | AW31: =BO31 -> 44978.472 | AX31: =AW31-AV31 -> 19.208333 | AY31: 44959.264 | AZ31: 44960.844 | BA31: 44962.646 | BB31: 44970.656 | BC31: 44970.885 | BD31: 44970.889 | BE31: 44970.889 | BF31: =BE31+(41/24) -> 44972.597 | BG31: 44973.542 | BH31: 44973.708 | BI31: 44973.75 | BJ31: 44976.399 | BK31: 44977.875 | BL31: 44978.142 | BM31: 44978.163 | BN31: 44978.163 | BO31: 44978.472 | BR31: =(BA31-AZ31)*24 -> 43.25 | BS31: =(BC31-BB31)*24 -> 5.5 | BT31: =(BF31-BE31)*24 -> 41 | BU31: =(BJ31-BH31)*24 -> 64.583335 | BV31: =(BL31-BK31)*24 -> 6.4166667 | BW31: =(BO31-BN31)*24 -> 7.4166667 | BX31: =SUM(BR31:BW31)/24 -> 7.0069445 | BY31: =AX31 -> 19.208333 | BZ31: =BX31/BY31 -> 0.3647867
A32: =BB32 -> 44968.122 | B32: DONE/FIX | C32: BUNYUT | D32: STTC | E32: MV. HONG KUN 7 | G32: 44973.99 | H32: 44973.999 | I32: BEK-MBR | J32: Completed | K32: Completed | L32: BEK-2302-022 | N32: DELTA AYU 268 | O32: KALIMANTAN ABADI 02 | P32: BEK HCVMS | Q32: =3117*2.4 -> 7480.8 | R32: =7554.89+546.494 -> 8101.384 | X32: =R32 -> 8101.384 | AV32: =AY32 -> 44958.993 | AW32: =BO32 -> 44977.34 | AX32: =AW32-AV32 -> 18.347222 | AY32: 44958.993 | AZ32: 44959.344 | BA32: 44960.938 | BB32: 44968.122 | BC32: 44968.354 | BD32: 44968.358 | BE32: 44968.358 | BF32: =BE32+(41/24) -> 44970.066 | BG32: 44970.292 | BH32: 44970.458 | BI32: 44970.413 | BJ32: 44974.424 | BK32: 44976.458 | BL32: 44976.865 | BM32: 44976.917 | BN32: 44977.167 | BO32: 44977.34 | BR32: =(BA32-AZ32)*24 -> 38.25 | BS32: =(BC32-BB32)*24 -> 5.5833333 | BT32: =(BF32-BE32)*24 -> 41 | BU32: =(BJ32-BH32)*24 -> 95.166667 | BV32: =(BL32-BK32)*24 -> 9.75 | BW32: =(BO32-BN32)*24 -> 4.1666667 | BX32: =SUM(BR32:BW32)/24 -> 8.0798611 | BY32: =AX32 -> 18.347222 | BZ32: =BX32/BY32 -> 0.44038607
A33: =BB33 -> 44971.333 | B33: DONE/FIX | C33: BUNYUT | D33: STTC | E33: MV. MAGIC TWILIGHT | G33: 44972.001 | H33: 44972.001 | I33: BEK-MBR | J33: Completed | K33: Completed | L33: BEK-2302-023 | N33: DELTA AYU 328 | O33: KALIMANTAN TUJUH | P33: BEK MCVLS | Q33: =3107*2.4 -> 7456.8 | R33: 7458.521 | W33: =R33 -> 7458.521 | AV33: =AY33 -> 44960.417 | AW33: =BO33 -> 44979.503 | AX33: =AW33-AV33 -> 19.086806 | AY33: 44960.417 | AZ33: 44965.844 | BA33: 44968.125 | BB33: 44971.333 | BC33: 44971.49 | BD33: 44971.493 | BE33: 44971.493 | BF33: =BE33+(41/24) -> 44973.201 | BG33: 44973.542 | BH33: 44973.708 | BI33: 44973.583 | BJ33: 44976.667 | BK33: 44978.965 | BL33: 44979.156 | BM33: 44979.177 | BN33: 44979.271 | BO33: 44979.503 | BP33: Instruction depart to POL on 9 Feb | BR33: =(BA33-AZ33)*24 -> 54.75 | BS33: =(BC33-BB33)*24 -> 3.75 | BT33: =(BF33-BE33)*24 -> 41 | BU33: =(BJ33-BH33)*24 -> 71.000001 | BV33: =(BL33-BK33)*24 -> 4.5833333 | BW33: =(BO33-BN33)*24 -> 5.5833333 | BX33: =SUM(BR33:BW33)/24 -> 7.5277778 | BY33: =AX33 -> 19.086806 | BZ33: =BX33/BY33 -> 0.39439695
A34: =BB34 -> 44970.91 | B34: DONE/FIX | C34: BUNYUT | D34: STTC | E34: MV. MAGIC TWILIGHT | G34: 44972.001 | H34: 44972.001 | I34: BEK-MBR | J34: Completed | K34: Completed | L34: BEK-2302-024 | N34: ATK 2010 | O34: ISA 309 | P34: BEK MCVLS | Q34: =3113*2.4 -> 7471.2 | R34: 7551.029 | W34: =R34 -> 7551.029 | AV34: =AY34 -> 44959.396 | AW34: =BO34 -> 44979.427 | AX34: =AW34-AV34 -> 20.03125 | AY34: 44959.396 | AZ34: 44960.865 | BA34: 44963.257 | BB34: 44970.91 | BC34: 44971.069 | BD34: 44971.073 | BE34: 44971.073 | BF34: =BE34+(41/24) -> 44972.781 | BG34: 44973.542 | BH34: 44973.708 | BI34: 44973.667 | BJ34: 44976.625 | BK34: 44978.719 | BL34: 44978.903 | BM34: 44978.924 | BN34: 44979.25 | BO34: 44979.427 | BR34: =(BA34-AZ34)*24 -> 57.416667 | BS34: =(BC34-BB34)*24 -> 3.8333333 | BT34: =(BF34-BE34)*24 -> 41 | BU34: =(BJ34-BH34)*24 -> 70.000001 | BV34: =(BL34-BK34)*24 -> 4.4166667 | BW34: =(BO34-BN34)*24 -> 4.25 | BX34: =SUM(BR34:BW34)/24 -> 7.5381945 | BY34: =AX34 -> 20.03125 | BZ34: =BX34/BY34 -> 0.37632172
A35: =BB35 -> 44970.149 | B35: DONE/FIX | C35: BUNYUT | D35: TC | E35: MV. MAGIC TWILIGHT | G35: 44972.001 | H35: 44972.001 | I35: BEK-MBR | J35: Completed | K35: Completed | L35: BEK-2302-025 | N35: GHITHA 02 | O35: GSN 02 | P35: BEK MCVLS | Q35: =3107*2.4 -> 7456.8 | R35: 7540.084 | W35: =R35 -> 7540.084 | AV35: =AY35 -> 44959.542 | AW35: =BO35 -> 44979.003 | AX35: =AW35-AV35 -> 19.461806 | AY35: 44959.542 | AZ35: 44960.378 | BA35: 44962.042 | BB35: 44970.149 | BC35: 44970.382 | BD35: 44970.389 | BE35: 44970.389 | BF35: =BE35+(41/24) -> 44972.097 | BG35: 44973.542 | BH35: 44973.708 | BI35: 44973.733 | BJ35: 44976.625 | BK35: 44978.486 | BL35: 44978.656 | BM35: 44978.677 | BN35: 44978.677 | BO35: 44979.003 | BR35: =(BA35-AZ35)*24 -> 39.916667 | BS35: =(BC35-BB35)*24 -> 5.5833333 | BT35: =(BF35-BE35)*24 -> 41 | BU35: =(BJ35-BH35)*24 -> 70.000001 | BV35: =(BL35-BK35)*24 -> 4.0833333 | BW35: =(BO35-BN35)*24 -> 7.8333333 | BX35: =SUM(BR35:BW35)/24 -> 7.0173612 | BY35: =AX35 -> 19.461806 | BZ35: =BX35/BY35 -> 0.36057092
A36: =BB36 -> 44970.441 | B36: DONE/FIX | C36: BUNYUT | D36: TC | E36: MV. MAGIC TWILIGHT | G36: 44972.001 | H36: 44972.001 | I36: BEK-MBR | J36: Completed | K36: Completed | L36: BEK-2302-026 | N36: KINGFISHER 508 | O36: ASIA STAR 818 | P36: BEK MCVLS | Q36: =3146*2.4 -> 7550.4 | R36: 7425.915 | W36: =R36 -> 7425.915 | AV36: =AY36 -> 44959.764 | AW36: =BO36 -> 44980.111 | AX36: =AW36-AV36 -> 20.347222 | AY36: 44959.764 | AZ36: 44960.361 | BA36: 44962.208 | BB36: 44970.441 | BC36: 44970.622 | BD36: 44970.628 | BE36: 44970.628 | BF36: =BE36+(41/24) -> 44972.337 | BG36: 44972.333 | BH36: 44972.5 | BI36: 44972.368 | BJ36: 44976.729 | BK36: 44979.219 | BL36: 44979.403 | BM36: 44979.424 | BN36: 44979.708 | BO36: 44980.111 | BR36: =(BA36-AZ36)*24 -> 44.333333 | BS36: =(BC36-BB36)*24 -> 4.3333333 | BT36: =(BF36-BE36)*24 -> 41 | BU36: =(BJ36-BH36)*24 -> 101.5 | BV36: =(BL36-BK36)*24 -> 4.4166667 | BW36: =(BO36-BN36)*24 -> 9.6666667 | BX36: =SUM(BR36:BW36)/24 -> 8.5520833 | BY36: =AX36 -> 20.347222 | BZ36: =BX36/BY36 -> 0.42030717
A37: =BB37 -> 44971.514 | B37: DONE/FIX | C37: BUNYUT | D37: TC | E37: MV. MAGIC TWILIGHT | G37: 44972.001 | H37: 44972.001 | I37: BEK-MBR | J37: Completed | K37: Completed | L37: BEK-2302-027 | N37: BERAU COAL 27 | O37: ROBBY 307 | P37: BEK MCVLS | Q37: 7500 | R37: 7650.676 | W37: =R37 -> 7650.676 | AV37: =AY37 -> 44963.389 | AW37: =BO37 -> 44978.819 | AX37: =AW37-AV37 -> 15.430556 | AY37: 44963.389 | AZ37: 44966.837 | BA37: 44968.458 | BB37: 44971.514 | BC37: 44971.708 | BD37: 44971.712 | BE37: 44971.712 | BF37: =BE37+(41/24) -> 44973.42 | BG37: 44973.542 | BH37: 44973.708 | BI37: 44973.736 | BJ37: 44976.403 | BK37: 44978.205 | BL37: 44978.424 | BM37: 44978.444 | BN37: 44978.667 | BO37: 44978.819 | BP37: SUBSTITUTE BERAU COAL 26/ROBBY 136 ; Instruction depart to POL on 9 Feb | BR37: =(BA37-AZ37)*24 -> 38.916667 | BS37: =(BC37-BB37)*24 -> 4.6666667 | BT37: =(BF37-BE37)*24 -> 41 | BU37: =(BJ37-BH37)*24 -> 64.666668 | BV37: =(BL37-BK37)*24 -> 5.25 | BW37: =(BO37-BN37)*24 -> 3.6666667 | BX37: =SUM(BR37:BW37)/24 -> 6.5902778 | BY37: =AX37 -> 15.430556 | BZ37: =BX37/BY37 -> 0.42709271
A38: =BB38 -> 44976.625 | B38: DONE/FIX | C38: BUNYUT | D38: TC | E38: MV. MAGIC THUNDER | G38: 44977.542 | H38: 44977.521 | I38: BEK-BoCT | J38: Completed | K38: Completed | L38: BEK-2302-028 | N38: KINGFISHER 507 | O38: ASIA RIDER 501 | P38: BEK BLEND TS 0.80 MAX | Q38: 7508.448 | R38: 7501.486 | W38: =R38*0.7 -> 5251.0402 | X38: =R38*0.3 -> 2250.4458 | AV38: =AY38 -> 44963.882 | AW38: =BO38 -> 44981.125 | AX38: =AW38-AV38 -> 17.243056 | AY38: 44963.882 | AZ38: 44972.653 | BA38: 44974.66 | BB38: 44976.625 | BC38: 44976.767 | BD38: 44976.771 | BE38: 44977.25 | BF38: =BE38+(41/24) -> 44978.958 | BG38: 44979.25 | BH38: 44979.417 | BI38: 44979.312 | BJ38: 44980.767 | BK38: 44980.837 | BL38: 44981.108 | BM38: 44981.125 | BN38: 44981.125 | BO38: 44981.125 | BP38: Instruction depart to POL on 15 Feb ; End trip at BoCT and continue load at C50 | BR38: =(BA38-AZ38)*24 -> 48.166667 | BS38: =(BC38-BB38)*24 -> 3.4166667 | BT38: =(BF38-BE38)*24 -> 41 | BU38: =(BJ38-BF38)*24 -> 43.416667 | BV38: =(BL38-BK38)*24 -> 6.5 | BW38: =(BO38-BN38)*24 -> 0 | BX38: =SUM(BR38:BW38)/24 -> 5.9375 | BY38: =AX38 -> 17.243056 | BZ38: =BX38/BY38 -> 0.34434152
A39: =BB39 -> 44974.913 | B39: DONE/FIX | C39: BUNYUT | D39: STTC | E39: MV. MAGIC THUNDER | F39: MV. NEW CONFIDENCE ; Under TCM | G39: 44977.542 | H39: 44977.521 | I39: BEK-BoCT | J39: Completed | K39: Completed | L39: BEK-2302-029 | N39: KSA 58 | O39: RMN 308 | P39: BEK BLEND TS 0.80 MAX | Q39: =3145 *2.4 -> 7548 | R39: 7742.624 | W39: =R39*0.7 -> 5419.8368 | X39: =R39*0.3 -> 2322.7872 | AV39: =AY39 -> 44962.469 | AW39: =BO39 -> 44983.458 | AX39: =AW39-AV39 -> 20.989583 | AY39: 44962.469 | AZ39: 44968.569 | BA39: 44970.656 | BB39: 44974.913 | BC39: 44975.042 | BD39: 44975.052 | BE39: 44975.281 | BF39: =BE39+(41/24) -> 44976.99 | BG39: 44977.25 | BH39: 44977.417 | BI39: 44977.319 | BJ39: 44981.323 | BK39: 44981.972 | BL39: 44982.441 | BM39: 44982.51 | BN39: 44982.941 | BO39: 44983.458 | BP39: Instruction depart to POL on 11 Feb | BR39: =(BA39-AZ39)*24 -> 50.083333 | BS39: =(BC39-BB39)*24 -> 3.0833333 | BT39: =(BF39-BE39)*24 -> 41 | BU39: =(BJ39-BF39)*24 -> 104 | BV39: =(BL39-BK39)*24 -> 11.25 | BW39: =(BO39-BN39)*24 -> 12.416667 | BX39: =SUM(BR39:BW39)/24 -> 9.2430556 | BY39: =AX39 -> 20.989583 | BZ39: =BX39/BY39 -> 0.44036394
A40: =BB40 -> 44971.955 | B40: DONE/FIX | C40: BUNYUT | D40: STTC | E40: BoCT/MV. KARTINI SAMUDERA | G40: 44969.188 | H40: 44969.188 | I40: BEK-BoCT | J40: Completed | K40: Completed | L40: BEK-2302-030 | N40: KSA 41 | O40: TBG 310 | P40: BEK BLEND ( 5000 LS + 2500 MS ) | Q40: =3141*2.4 -> 7538.4 | R40: 7632.95 | W40: =R40*0.7 -> 5343.065 | X40: =R40*0.3 -> 2289.885 | AV40: =AY40 -> 44960.812 | AW40: =BO40 -> 44977.847 | AX40: =AW40-AV40 -> 17.034722 | AY40: 44960.812 | AZ40: 44967.576 | BA40: 44969.444 | BB40: 44971.955 | BC40: 44972.139 | BD40: 44972.146 | BE40: 44972.146 | BF40: =BE40+(41/24) -> 44973.854 | BG40: 44974.542 | BH40: 44974.708 | BI40: 44974.632 | BJ40: 44976.26 | BK40: 44977.573 | BL40: 44977.833 | BM40: 44977.847 | BN40: 44977.847 | BO40: 44977.847 | BP40: Instruction depart to POL on 9 Feb | BR40: =(BA40-AZ40)*24 -> 44.833333 | BS40: =(BC40-BB40)*24 -> 4.4166667 | BT40: =(BF40-BE40)*24 -> 41 | BU40: =(BJ40-BF40)*24 -> 57.75 | BV40: =(BL40-BK40)*24 -> 6.25 | BW40: =(BO40-BN40)*24 -> 0 | BX40: =SUM(BR40:BW40)/24 -> 6.4270833 | BY40: =AX40 -> 17.034722 | BZ40: =BX40/BY40 -> 0.37729311
A41: =BB41 -> 44975.497 | B41: DONE/FIX | C41: BUNYUT | D41: STTC | E41: MV. MAGIC THUNDER | G41: 44977.542 | H41: 44977.521 | I41: BEK-BoCT | J41: Completed | K41: Completed | L41: BEK-2302-031 | N41: PIONEER II | O41: RMN 351 | P41: BEK BLEND TS 0.80 MAX | Q41: =3107*2.4 -> 7456.8 | R41: 7688.392 | W41: =R41*0.7 -> 5381.8744 | X41: =R41*0.3 -> 2306.5176 | AV41: =AY41 -> 44962.08 | AW41: =BO41 -> 44980.434 | AX41: =AW41-AV41 -> 18.354167 | AY41: 44962.08 | AZ41: 44970.844 | BA41: 44972.896 | BB41: 44975.497 | BC41: 44975.708 | BD41: 44975.715 | BE41: 44975.715 | BF41: =BE41+(41/24) -> 44977.424 | BG41: 44977.25 | BH41: 44977.417 | BI41: 44977.399 | BJ41: 44979.333 | BK41: 44979.67 | BL41: 44980.08 | BM41: 44980.097 | BN41: 44980.101 | BO41: 44980.434 | BP41: Instruction depart to POL on 11 Feb | BR41: =(BA41-AZ41)*24 -> 49.25 | BS41: =(BC41-BB41)*24 -> 5.0833333 | BT41: =(BF41-BE41)*24 -> 41 | BU41: =(BJ41-BF41)*24 -> 45.833333 | BV41: =(BL41-BK41)*24 -> 9.8333333 | BW41: =(BO41-BN41)*24 -> 8 | BX41: =SUM(BR41:BW41)/24 -> 6.625 | BY41: =AX41 -> 18.354167 | BZ41: =BX41/BY41 -> 0.36095346
A42: =BB42 -> 44972.17 | B42: DONE/FIX | C42: BUNYUT | D42: TC | E42: BoCT/MV. KARTINI SAMUDERA | G42: 44969.188 | H42: 44969.188 | I42: BEK-BoCT | J42: Completed | K42: Completed | L42: BEK-2302-032 | N42: GONAYA | O42: MASADA 14 | P42: BEK BLEND ( 5000 LS + 2500 MS ) | Q42: =3107*2.4 -> 7456.8 | R42: 7447.225 | W42: =R42*0.7 -> 5213.0575 | X42: =R42*0.3 -> 2234.1675 | AV42: =AY42 -> 44962.625 | AW42: =BO42 -> 44977.181 | AX42: =AW42-AV42 -> 14.555556 | AY42: 44962.625 | AZ42: 44967.84 | BA42: 44969.458 | BB42: 44972.17 | BC42: 44972.403 | BD42: 44972.413 | BE42: 44972.413 | BF42: =BE42+(41/24) -> 44974.122 | BG42: 44974.542 | BH42: 44974.708 | BI42: 44974.667 | BJ42: 44976.16 | BK42: 44976.868 | BL42: 44977.163 | BM42: 44977.181 | BN42: 44977.181 | BO42: 44977.181 | BP42: Instruction depart to POL on 11 Feb ; End trip at BoCT & continue load at C50 | BR42: =(BA42-AZ42)*24 -> 38.833333 | BS42: =(BC42-BB42)*24 -> 5.5833333 | BT42: =(BF42-BE42)*24 -> 41 | BU42: =(BJ42-BF42)*24 -> 48.916667 | BV42: =(BL42-BK42)*24 -> 7.0833333 | BW42: =(BO42-BN42)*24 -> 0 | BX42: =SUM(BR42:BW42)/24 -> 5.8923611 | BY42: =AX42 -> 14.555556 | BZ42: =BX42/BY42 -> 0.4048187
A43: =BB43 -> 44975.074 | B43: DONE/FIX | C43: BUNYUT | D43: STTC | E43: MV. MAGIC THUNDER | G43: 44977.542 | H43: 44977.521 | I43: BEK-BoCT | J43: Completed | K43: Completed | L43: BEK-2302-033 | N43: ARMADA TIMUR 03 | O43: LINTAS SAMUDERA 95 | P43: BEK BLEND TS 0.80 MAX | Q43: =3170*2.4 -> 7608 | R43: 7535.104 | W43: =R43*0.7 -> 5274.5728 | X43: =R43*0.3 -> 2260.5312 | AV43: =AY43 -> 44962.529 | AW43: =BO43 -> 44982.719 | AX43: =AW43-AV43 -> 20.190278 | AY43: 44962.529 | AZ43: 44968.847 | BA43: 44971.188 | BB43: 44975.074 | BC43: 44975.267 | BD43: 44975.267 | BE43: 44975.271 | BF43: =BE43+(41/24) -> 44976.979 | BG43: 44977.25 | BH43: 44977.417 | BI43: 44977.351 | BJ43: 44979.375 | BK43: 44979.635 | BL43: 44981.948 | BM43: 44981.969 | BN43: 44981.972 | BO43: 44982.719 | BP43: Instruction depart to POL on 11 Feb | BR43: =(BA43-AZ43)*24 -> 56.166667 | BS43: =(BC43-BB43)*24 -> 4.6333333 | BT43: =(BF43-BE43)*24 -> 41 | BU43: =(BJ43-BF43)*24 -> 57.5 | BV43: =(BL43-BK43)*24 -> 55.5 | BW43: =(BO43-BN43)*24 -> 17.933333 | BX43: =SUM(BR43:BW43)/24 -> 9.6972222 | BY43: =AX43 -> 20.190278 | BZ43: =BX43/BY43 -> 0.48029167
A44: =BB44 -> 44975.316 | B44: DONE/FIX | C44: BUNYUT | D44: STTC | E44: MV. MAGIC THUNDER | G44: 44977.542 | H44: 44977.521 | I44: BEK-BoCT | J44: Completed | K44: Completed | L44: BEK-2302-034 | N44: KSA 46 | O44: RMN 334 | P44: BEK BLEND TS 0.80 MAX | Q44: =3100*2.4 -> 7440 | R44: 7367.841 | W44: =R44*0.7 -> 5157.4887 | X44: =R44*0.3 -> 2210.3523 | AV44: =AY44 -> 44959.34 | AW44: =BO44 -> 44980.899 | AX44: =AW44-AV44 -> 21.559028 | AY44: 44959.34 | AZ44: 44970.615 | BA44: 44972.708 | BB44: 44975.316 | BC44: 44975.472 | BD44: 44975.476 | BE44: 44975.476 | BF44: =BE44+(41/24) -> 44977.184 | BG44: 44977.25 | BH44: 44977.417 | BI44: 44977.354 | BJ44: 44979.396 | BK44: 44980.174 | BL44: 44980.448 | BM44: 44980.472 | BN44: 44980.476 | BO44: 44980.899 | BP44: Instruction depart to POL on 9 Feb | BR44: =(BA44-AZ44)*24 -> 50.25 | BS44: =(BC44-BB44)*24 -> 3.75 | BT44: =(BF44-BE44)*24 -> 41 | BU44: =(BJ44-BF44)*24 -> 53.083333 | BV44: =(BL44-BK44)*24 -> 6.5833333 | BW44: =(BO44-BN44)*24 -> 10.166667 | BX44: =SUM(BR44:BW44)/24 -> 6.8680556 | BY44: =AX44 -> 21.559028 | BZ44: =BX44/BY44 -> 0.31856982
A45: =BB45 -> 44975.953 | B45: DONE/FIX | C45: BUNYUT | D45: STTC | E45: MV. MAGIC THUNDER | G45: 44977.542 | H45: 44977.521 | I45: BEK-BoCT | J45: Completed | K45: Completed | L45: BEK-2302-035 | N45: SATRIA LAKSANA 98 | O45: SATRIA LAUT 3098 | P45: BEK BLEND TS 0.80 MAX | Q45: =3039*2.4 -> 7293.6 | R45: 7529.274 | W45: =R45*0.7 -> 5270.4918 | X45: =R45*0.3 -> 2258.7822 | AV45: =AY45 -> 44963.49 | AW45: =BO45 -> 44982.5 | AX45: =AW45-AV45 -> 19.010417 | AY45: 44963.49 | AZ45: 44972.566 | BA45: 44974.167 | BB45: 44975.953 | BC45: 44976.087 | BD45: 44976.094 | BE45: 44976.344 | BF45: =BE45+(41/24) -> 44978.052 | BG45: 44978.25 | BH45: 44978.417 | BI45: 44978.278 | BJ45: 44980.99 | BK45: 44981.191 | BL45: 44981.51 | BM45: 44981.531 | BN45: 44982.024 | BO45: 44982.5 | BP45: Instruction depart to POL on 15 Feb | BR45: =(BA45-AZ45)*24 -> 38.416667 | BS45: =(BC45-BB45)*24 -> 3.2 | BT45: =(BF45-BE45)*24 -> 41 | BU45: =(BJ45-BF45)*24 -> 70.5 | BV45: =(BL45-BK45)*24 -> 7.6666667 | BW45: =(BO45-BN45)*24 -> 11.416667 | BX45: =SUM(BR45:BW45)/24 -> 7.175 | BY45: =AX45 -> 19.010417 | BZ45: =BX45/BY45 -> 0.37742466
A46: =BB46 -> 44976.118 | B46: DONE/FIX | C46: BUNYUT | D46: TC | E46: MV. MAGIC THUNDER | G46: 44977.542 | H46: 44977.521 | I46: BEK-BoCT | J46: Completed | K46: Completed | L46: BEK-2302-036 | N46: SJP 88 | O46: ROBBY 123 | P46: BEK BLEND TS 0.80 MAX | Q46: =3852*2.4 -> 9244.8 | R46: 9018.709 | W46: =R46*0.7 -> 6313.0963 | X46: =R46*0.3 -> 2705.6127 | AV46: =AY46 -> 44963.812 | AW46: =BO46 -> 44984.354 | AX46: =AW46-AV46 -> 20.541667 | AY46: 44963.812 | AZ46: 44972.639 | BA46: 44974.493 | BB46: 44976.118 | BC46: 44976.375 | BD46: 44976.375 | BE46: 44976.375 | BF46: =BE46+(41/24) -> 44978.083 | BG46: 44978.25 | BH46: 44978.417 | BI46: 44978.299 | BJ46: 44982.771 | BK46: 44983.243 | BL46: 44983.701 | BM46: 44983.715 | BN46: 44983.719 | BO46: 44984.354 | BP46: Instruction depart to POL on 15 Feb | BR46: =(BA46-AZ46)*24 -> 44.5 | BS46: =(BC46-BB46)*24 -> 6.1666667 | BT46: =(BF46-BE46)*24 -> 41 | BU46: =(BJ46-BF46)*24 -> 112.5 | BV46: =(BL46-BK46)*24 -> 11 | BW46: =(BO46-BN46)*24 -> 15.25 | BX46: =SUM(BR46:BW46)/24 -> 9.6006944 | BY46: =AX46 -> 20.541667 | BZ46: =BX46/BY46 -> 0.46737661
A47: =BB47 -> 44975.736 | B47: DONE/FIX | C47: BUNYUT | D47: STTC | E47: MV. MAGIC THUNDER | G47: 44977.542 | H47: 44977.521 | I47: BEK-BoCT | J47: Completed | K47: Completed | L47: BEK-2302-037 | N47: GONAYA XIV | O47: SALWA | P47: BEK BLEND TS 0.80 MAX | Q47: =3107*2.4 -> 7456.8 | R47: 7406.11 | W47: =R47*0.7 -> 5184.277 | X47: =R47*0.3 -> 2221.833 | AV47: =AY47 -> 44966.864 | AW47: =BO47 -> 44982.525 | AX47: =AW47-AV47 -> 15.661111 | AY47: 44966.864 | AZ47: 44971.58 | BA47: 44973.587 | BB47: 44975.736 | BC47: 44975.929 | BD47: 44975.938 | BE47: 44976.281 | BF47: =BE47+(41/24) -> 44977.99 | BG47: 44978.25 | BH47: 44978.417 | BI47: 44978.347 | BJ47: 44980.997 | BK47: 44981.583 | BL47: 44981.861 | BM47: 44981.878 | BN47: 44981.882 | BO47: 44982.525 | BP47: Instruction depart to POL on 15 Feb | BR47: =(BA47-AZ47)*24 -> 48.166667 | BS47: =(BC47-BB47)*24 -> 4.6333333 | BT47: =(BF47-BE47)*24 -> 41 | BU47: =(BJ47-BF47)*24 -> 72.166667 | BV47: =(BL47-BK47)*24 -> 6.6666667 | BW47: =(BO47-BN47)*24 -> 15.433333 | BX47: =SUM(BR47:BW47)/24 -> 7.8361111 | BY47: =AX47 -> 15.661111 | BZ47: =BX47/BY47 -> 0.50035474
A48: =BB48 -> 44982.559 | B48: DONE/FIX | C48: BUNYUT | D48: STTC | E48: MV. HC FORWARD | G48: 44982.417 | H48: 44982.378 | I48: BEK-MBR | J48: Completed | K48: Completed | L48: BEK-2302-038 | N48: KSA ANUGRAH | O48: RMN 368 | P48: BEK BLEND TS 0.8 MAX | Q48: =3141*2.4 -> 7538.4 | R48: 7402.647 | W48: =R48*0.7 -> 5181.8529 | X48: =R48*0.3 -> 2220.7941 | AV48: =AY48 -> 44974.708 | AW48: =BO48 -> 44991.354 | AX48: =AW48-AV48 -> 16.645833 | AY48: 44974.708 | AZ48: 44976.799 | BA48: 44978.549 | BB48: 44982.559 | BC48: 44982.771 | BD48: 44982.774 | BE48: 44982.774 | BF48: =BE48+(41/24) -> 44984.483 | BG48: 44986.292 | BH48: 44986.458 | BI48: 44986.319 | BJ48: 44987.375 | BK48: 44990.771 | BL48: 44990.976 | BM48: 44991 | BN48: 44991 | BO48: 44991.354 | BR48: =(BA48-AZ48)*24 -> 42 | BS48: =(BC48-BB48)*24 -> 5.0833333 | BT48: =(BF48-BE48)*24 -> 41 | BU48: =(BJ48-BH48)*24 -> 22 | BV48: =(BL48-BK48)*24 -> 4.9166667 | BW48: =(BO48-BN48)*24 -> 8.5 | BX48: =SUM(BR48:BW48)/24 -> 5.1458333 | BY48: =AX48 -> 16.645833 | BZ48: =BX48/BY48 -> 0.30913642
A49: =BB49 -> 44982.344 | B49: DONE/FIX | C49: BUNYUT | D49: STTC | E49: MV. HC FORWARD | G49: 44982.417 | H49: 44982.378 | I49: BEK-MBR | J49: Completed | K49: Completed | L49: BEK-2302-039 | N49: KSA 52 | O49: RMN 357 | P49: BEK BLEND TS 0.8 MAX | Q49: =3100*2.4 -> 7440 | R49: 7479.94 | W49: =R49*0.7 -> 5235.958 | X49: =R49*0.3 -> 2243.982 | AV49: =AY49 -> 44974.292 | AW49: =BO49 -> 44991.042 | AX49: =AW49-AV49 -> 16.75 | AY49: 44974.292 | AZ49: 44976.809 | BA49: 44978.521 | BB49: 44982.344 | BC49: 44982.521 | BD49: 44982.524 | BE49: 44982.524 | BF49: =BE49+(41/24) -> 44984.233 | BG49: 44985.292 | BH49: 44985.458 | BI49: 44985.444 | BJ49: 44986.472 | BK49: 44990.556 | BL49: 44990.715 | BM49: 44990.729 | BN49: 44990.729 | BO49: 44991.042 | BR49: =(BA49-AZ49)*24 -> 41.083333 | BS49: =(BC49-BB49)*24 -> 4.25 | BT49: =(BF49-BE49)*24 -> 41 | BU49: =(BJ49-BH49)*24 -> 24.333335 | BV49: =(BL49-BK49)*24 -> 3.8333333 | BW49: =(BO49-BN49)*24 -> 7.5 | BX49: =SUM(BR49:BW49)/24 -> 5.0833334 | BY49: =AX49 -> 16.75 | BZ49: =BX49/BY49 -> 0.30348259
A50: =BB50 -> 44983.611 | B50: DONE/FIX | C50: BUNYUT | D50: STTC | E50: MV. HC FORWARD | G50: 44982.417 | H50: 44982.378 | I50: BEK-MBR | J50: Completed | K50: Completed | L50: BEK-2302-040 | N50: KALTIM DOLPHIN 17 - 10 | O50: KALTIM FT 80 - 03 | P50: BEK BLEND TS 0.8 MAX | Q50: =3102*2.4 -> 7444.8 | R50: =7476.364-2716.816 -> 4759.548 | W50: =R50*0.7 -> 3331.6836 | X50: =R50*0.3 -> 1427.8644 | AV50: =AY50 -> 44975.917 | AW50: =BO50 -> 44991.479 | AX50: =AW50-AV50 -> 15.5625 | AY50: 44975.917 | AZ50: 44977.576 | BA50: 44980.052 | BB50: 44983.611 | BC50: 44983.733 | BD50: 44983.736 | BE50: 44983.736 | BF50: =BE50+(41/24) -> 44985.444 | BG50: 44985.292 | BH50: 44985.458 | BI50: 44985.315 | BJ50: 44987.25 | BK50: 44991.292 | BL50: 44991.438 | BM50: 44991.479 | BN50: 44991.479 | BO50: 44991.479 | BR50: =(BA50-AZ50)*24 -> 59.416667 | BS50: =(BC50-BB50)*24 -> 2.9166667 | BT50: =(BF50-BE50)*24 -> 41 | BU50: =(BJ50-BH50)*24 -> 43.000001 | BV50: =(BL50-BK50)*24 -> 3.5 | BW50: =(BO50-BN50)*24 -> 0 | BX50: =SUM(BR50:BW50)/24 -> 6.2430556 | BY50: =AX50 -> 15.5625 | BZ50: =BX50/BY50 -> 0.4011602
A51: =BB51 -> 44983.611 | B51: DONE/FIX | C51: BUNYUT | D51: STTC | E51: MV. KING COAL | G51: 44985.75 | H51: 44985.75 | I51: BEK-MBR | J51: Completed | K51: Completed | L51: BEK-2302-040 | N51: KALTIM DOLPHIN 17 - 10 | O51: KALTIM FT 80 - 03 | P51: BEK BLEND TS 0.8 MAX | Q51: =3102*2.4 -> 7444.8 | R51: 2712.971 | W51: =R51*0.7 -> 1899.0797 | X51: =R51*0.3 -> 813.8913 | AV51: =AY51 -> 44975.917 | AW51: =BO51 -> 44994.932 | AX51: =AW51-AV51 -> 19.015278 | AY51: 44975.917 | AZ51: 44977.576 | BA51: 44980.052 | BB51: 44983.611 | BC51: 44983.733 | BD51: 44983.736 | BE51: 44983.736 | BF51: =BE51+(41/24) -> 44985.444 | BG51: 44985.292 | BH51: 44985.458 | BI51: 44985.315 | BJ51: 44991.479 | BK51: 44994.389 | BL51: 44994.51 | BM51: 44994.531 | BN51: 44994.708 | BO51: 44994.932 | BR51: =(BA51-AZ51)*24 -> 59.416667 | BS51: =(BC51-BB51)*24 -> 2.9166667 | BT51: =(BF51-BE51)*24 -> 41 | BU51: =(BJ51-BH51)*24 -> 144.5 | BV51: =(BL51-BK51)*24 -> 2.9166667 | BW51: =(BO51-BN51)*24 -> 5.3666667 | BX51: =SUM(BR51:BW51)/24 -> 10.671528 | BY51: =AX51 -> 19.015278 | BZ51: =BX51/BY51 -> 0.5612081
A52: =BB52 -> 44982.146 | B52: DONE/FIX | C52: BUNYUT | D52: STTC | E52: MV. HC FORWARD | G52: 44982.417 | H52: 44982.378 | I52: BEK-MBR | J52: Completed | K52: Completed | L52: BEK-2302-041 | N52: DELTA AYU CHRISTIAN | O52: KALIMANTAN 158 | P52: BEK BLEND TS 0.8 MAX | Q52: 5500 | R52: 5045.984 | W52: =R52*0.7 -> 3532.1888 | X52: =R52*0.3 -> 1513.7952 | AV52: =AY52 -> 44961.292 | AW52: =BO52 -> 44989.667 | AX52: =AW52-AV52 -> 28.375 | AY52: 44961.292 | AZ52: 44979.594 | BA52: 44981.292 | BB52: 44982.146 | BC52: 44982.236 | BD52: 44982.247 | BE52: 44982.247 | BF52: =BE52+(41/24) -> 44983.955 | BG52: 44984.292 | BH52: 44984.458 | BI52: 44984.337 | BJ52: 44986.292 | BK52: 44988.948 | BL52: 44989.229 | BM52: 44989.243 | BN52: 44989.243 | BO52: 44989.667 | BR52: =(BA52-AZ52)*24 -> 40.75 | BS52: =(BC52-BB52)*24 -> 2.1666667 | BT52: =(BF52-BE52)*24 -> 41 | BU52: =(BJ52-BF52)*24 -> 56.083333 | BV52: =(BL52-BK52)*24 -> 6.75 | BW52: =(BO52-BN52)*24 -> 10.166667 | BX52: =SUM(BR52:BW52)/24 -> 6.5381944 | BY52: =AX52 -> 28.375 | BZ52: =BX52/BY52 -> 0.23042095
A53: =BB53 -> 44983.451 | B53: DONE/FIX | C53: BUNYUT | D53: STTC | E53: MV. HC FORWARD | G53: 44982.417 | H53: 44982.378 | I53: BEK-MBR | J53: Completed | K53: Completed | L53: BEK-2302-042 | N53: SSP 788 | O53: ROBBY 155 | P53: BEK BLEND TS 0.8 MAX | Q53: =3136*2.4 -> 7526.4 | R53: 7441.657 | W53: =R53*0.7 -> 5209.1599 | X53: =R53*0.3 -> 2232.4971 | AV53: =AY53 -> 44976.458 | AW53: =BO53 -> 44990.417 | AX53: =AW53-AV53 -> 13.958333 | AY53: 44976.458 | AZ53: 44977.806 | BA53: 44979.604 | BB53: 44983.451 | BC53: 44983.58 | BD53: 44983.587 | BE53: 44983.587 | BF53: =BE53+(41/24) -> 44985.295 | BG53: 44985.292 | BH53: 44985.458 | BI53: 44985.295 | BJ53: 44986.583 | BK53: 44989.812 | BL53: 44990.062 | BM53: 44990.083 | BN53: 44990.083 | BO53: 44990.417 | BR53: =(BA53-AZ53)*24 -> 43.166667 | BS53: =(BC53-BB53)*24 -> 3.0833333 | BT53: =(BF53-BE53)*24 -> 41 | BU53: =(BJ53-BH53)*24 -> 27.000001 | BV53: =(BL53-BK53)*24 -> 6 | BW53: =(BO53-BN53)*24 -> 8 | BX53: =SUM(BR53:BW53)/24 -> 5.3437501 | BY53: =AX53 -> 13.958333 | BZ53: =BX53/BY53 -> 0.38283583
A54: =BB54 -> 44983.007 | B54: DONE/FIX | C54: BUNYUT | D54: STTC | E54: MV. HC FORWARD | G54: 44982.417 | H54: 44982.378 | I54: BEK-MBR | J54: Completed | K54: Completed | L54: BEK-2302-043 | N54: DELTA AYU 268 | O54: KALIMANTAN ABADI 02 | P54: BEK MCVLS | Q54: =3117*2.4 -> 7480.8 | R54: 7414.612 | W54: =R54 -> 7414.612 | AV54: =AY54 -> 44977.34 | AW54: =BO54 -> 44990.049 | AX54: =AW54-AV54 -> 12.708333 | AY54: 44977.34 | AZ54: 44977.792 | BA54: 44979.295 | BB54: 44983.007 | BC54: 44983.146 | BD54: 44983.156 | BE54: 44983.156 | BF54: =BE54+(41/24) -> 44984.865 | BG54: 44985.292 | BH54: 44985.458 | BI54: 44985.312 | BJ54: 44986.649 | BK54: 44989.514 | BL54: 44989.74 | BM54: 44989.76 | BN54: 44989.76 | BO54: 44990.049 | BR54: =(BA54-AZ54)*24 -> 36.083333 | BS54: =(BC54-BB54)*24 -> 3.3333333 | BT54: =(BF54-BE54)*24 -> 41 | BU54: =(BJ54-BH54)*24 -> 28.583335 | BV54: =(BL54-BK54)*24 -> 5.4166667 | BW54: =(BO54-BN54)*24 -> 6.9166667 | BX54: =SUM(BR54:BW54)/24 -> 5.0555556 | BY54: =AX54 -> 12.708333 | BZ54: =BX54/BY54 -> 0.39781421
A55: =BB55 -> 44983.188 | B55: DONE/FIX | C55: BUNYUT | D55: TC | E55: MV. HC FORWARD | G55: 44982.417 | H55: 44982.378 | I55: BEK-MBR | J55: Completed | K55: Completed | L55: BEK-2302-044 | N55: TEMAN SEJATI II | O55: ROBBY 106 | P55: BEK BLEND TS 0.8 MAX | Q55: =3852*2.4 -> 9244.8 | R55: 9318.398 | W55: =R55*0.7 -> 6522.8786 | X55: =R55*0.3 -> 2795.5194 | AV55: =AY55 -> 44976.759 | AW55: =BO55 -> 44990.778 | AX55: =AW55-AV55 -> 14.01875 | AY55: 44976.759 | AZ55: 44977.792 | BA55: 44979.5 | BB55: 44983.188 | BC55: 44983.428 | BD55: 44983.434 | BE55: 44983.434 | BF55: =BE55+(41/24) -> 44985.142 | BG55: 44985.292 | BH55: 44985.458 | BI55: 44985.306 | BJ55: 44986.747 | BK55: 44990.125 | BL55: 44990.514 | BM55: 44990.535 | BN55: 44990.535 | BO55: 44990.778 | BR55: =(BA55-AZ55)*24 -> 41 | BS55: =(BC55-BB55)*24 -> 5.7666667 | BT55: =(BF55-BE55)*24 -> 41 | BU55: =(BJ55-BH55)*24 -> 30.916668 | BV55: =(BL55-BK55)*24 -> 9.3333333 | BW55: =(BO55-BN55)*24 -> 5.8333333 | BX55: =SUM(BR55:BW55)/24 -> 5.5770834 | BY55: =AX55 -> 14.01875 | BZ55: =BX55/BY55 -> 0.39783029
A56: =BB56 -> 44976.007 | B56: DONE | C56: IMM | D56: STTC | E56: MV. NEW CONFIDENCE | G56: 44971.812 | H56: 44971.792 | I56: IMM-MBR | J56: Completed | K56: Completed | L56: IMM-2302-001 | N56: KSA 99 | O56: ARMADA KALTIM 3003 | P56: IMM WB LS | Q56: =3047*2.4 -> 7312.8 | R56: 7527.849 | AC56: =R56 -> 7527.849 | AV56: =AY56 -> 44974.33 | AW56: =BO56 -> 44979.847 | AX56: =AW56-AV56 -> 5.5173611 | AY56: 44974.33 | AZ56: 44974.33 | BA56: 44974.354 | BB56: 44976.007 | BC56: 44976.149 | BD56: 44976.16 | BE56: 44976.764 | BF56: 44976.764 | BG56: N/A | BH56: N/A | BI56: N/A | BJ56: 44976.969 | BK56: 44978.854 | BL56: 44979.278 | BM56: 44979.288 | BN56: 44979.66 | BO56: 44979.847 | BR56: =(BA56-AZ56)*24 -> 0.58333333 | BS56: =(BC56-BB56)*24 -> 3.4 | BT56: =(BF56-BE56)*24 -> 0 | BU56: =(BJ56-BF56)*24 -> 4.9166667 | BV56: =(BL56-BK56)*24 -> 10.166667 | BW56: =(BO56-BN56)*24 -> 4.5 | BX56: =SUM(BR56:BW56)/24 -> 0.98194444 | BY56: =AX56 -> 5.5173611 | BZ56: =BX56/BY56 -> 0.17797357
A57: =BB57 -> 44977.321 | B57: DONE | C57: IMM | D57: TC | E57: MV. ENERGY PRIMAVERA | G57: 44976.542 | H57: 44976.583 | I57: IMM-MBR | J57: Completed | K57: Completed | L57: IMM-2302-002 | N57: GONAYA | O57: MASADA 14 | P57: IMM WB LS | Q57: =3107*2.4 -> 7456.8 | R57: 7509.003 | AC57: =R57 -> 7509.003 | AV57: =AY57 -> 44977.181 | AW57: =BO57 -> 44980.917 | AX57: =AW57-AV57 -> 3.7361111 | AY57: 44977.181 | AZ57: 44977.181 | BA57: 44977.257 | BB57: 44977.321 | BC57: 44977.456 | BD57: 44977.462 | BE57: 44977.917 | BF57: 44977.917 | BG57: N/A | BH57: N/A | BI57: N/A | BJ57: 44978.083 | BK57: 44980.292 | BL57: 44980.417 | BM57: 44980.438 | BN57: 44980.667 | BO57: 44980.917 | BR57: =(BA57-AZ57)*24 -> 1.8333333 | BS57: =(BC57-BB57)*24 -> 3.2333333 | BT57: =(BF57-BE57)*24 -> 0 | BU57: =(BJ57-BF57)*24 -> 4 | BV57: =(BL57-BK57)*24 -> 3 | BW57: =(BO57-BN57)*24 -> 6 | BX57: =SUM(BR57:BW57)/24 -> 0.75277778 | BY57: =AX57 -> 3.7361111 | BZ57: =BX57/BY57 -> 0.20148699
A58: =BB58 -> 44978.389 | B58: DONE | C58: IMM | D58: STTC | E58: MV. ENERGY PRIMAVERA | G58: 44976.542 | H58: 44976.583 | I58: IMM-MBR | J58: Completed | K58: Completed | L58: IMM-2302-003 | N58: KSA 41 | O58: TBG 310 | P58: IMM WB LS | Q58: =3141*2.4 -> 7538.4 | R58: 7512.483 | AC58: =R58 -> 7512.483 | AV58: =AY58 -> 44977.847 | AW58: =BO58 -> 44980.948 | AX58: =AW58-AV58 -> 3.1006944 | AY58: 44977.847 | AZ58: 44977.847 | BA58: 44977.872 | BB58: 44978.389 | BC58: 44978.522 | BD58: 44978.528 | BE58: 44978.906 | BF58: 44978.906 | BG58: N/A | BH58: N/A | BI58: N/A | BJ58: 44979.146 | BK58: 44980.479 | BL58: 44980.681 | BM58: 44980.701 | BN58: 44980.701 | BO58: 44980.948 | BR58: =(BA58-AZ58)*24 -> 0.58333333 | BS58: =(BC58-BB58)*24 -> 3.1833333 | BT58: =(BF58-BE58)*24 -> 0 | BU58: =(BJ58-BF58)*24 -> 5.75 | BV58: =(BL58-BK58)*24 -> 4.8333333 | BW58: =(BO58-BN58)*24 -> 5.9166667 | BX58: =SUM(BR58:BW58)/24 -> 0.84444444 | BY58: =AX58 -> 3.1006944 | BZ58: =BX58/BY58 -> 0.27234043
A59: =BB59 -> 44980.264 | B59: DONE | C59: IMM | D59: STTC | E59: MV. CORONA CITRUS | G59: 44981.375 | H59: 44981.375 | I59: IMM-MBR | J59: Completed | K59: Completed | L59: IMM-2302-004 | N59: FERY XXI | O59: MASADA 10 | P59: IMM WB LS | Q59: =3107*2.4 -> 7456.8 | R59: 7523.681 | AC59: =R59 -> 7523.681 | AV59: =AY59 -> 44978.569 | AW59: =BO59 -> 44983.986 | AX59: =AW59-AV59 -> 5.4166667 | AY59: 44978.569 | AZ59: 44978.569 | BA59: 44978.601 | BB59: 44980.264 | BC59: 44980.415 | BD59: 44980.42 | BE59: 44980.99 | BF59: 44980.99 | BG59: N/A | BH59: N/A | BI59: N/A | BJ59: 44981.25 | BK59: 44983.243 | BL59: 44983.5 | BM59: 44983.521 | BN59: 44983.521 | BO59: 44983.986 | BR59: =(BA59-AZ59)*24 -> 0.75 | BS59: =(BC59-BB59)*24 -> 3.6166667 | BT59: =(BF59-BE59)*24 -> 0 | BU59: =(BJ59-BF59)*24 -> 6.25 | BV59: =(BL59-BK59)*24 -> 6.1666667 | BW59: =(BO59-BN59)*24 -> 11.166667 | BX59: =SUM(BR59:BW59)/24 -> 1.1645833 | BY59: =AX59 -> 5.4166667 | BZ59: =BX59/BY59 -> 0.215
A60: =BB60 -> 44980.566 | B60: DONE | C60: IMM | D60: STTC | E60: MV. CORONA CITRUS | G60: 44981.375 | H60: 44981.375 | I60: IMM-MBR | J60: Completed | K60: Completed | L60: IMM-2302-005 | N60: BERAU COAL 8 | O60: ROBBY 132 | P60: IMM WB LS | Q60: =3136*2.4 -> 7526.4 | R60: 7513.65 | AC60: =R60 -> 7513.65 | AV60: =AY60 -> 44979.601 | AW60: =BO60 -> 44984.344 | AX60: =AW60-AV60 -> 4.7430556 | AY60: 44979.601 | AZ60: 44979.601 | BA60: 44979.625 | BB60: 44980.566 | BC60: 44980.718 | BD60: 44980.721 | BE60: 44980.993 | BF60: 44980.993 | BG60: N/A | BH60: N/A | BI60: N/A | BJ60: 44981.25 | BK60: 44983.573 | BL60: 44983.812 | BM60: 44983.84 | BN60: 44983.979 | BO60: 44984.344 | BR60: =(BA60-AZ60)*24 -> 0.58333333 | BS60: =(BC60-BB60)*24 -> 3.65 | BT60: =(BF60-BE60)*24 -> 0 | BU60: =(BJ60-BF60)*24 -> 6.1666667 | BV60: =(BL60-BK60)*24 -> 5.75 | BW60: =(BO60-BN60)*24 -> 8.75 | BX60: =SUM(BR60:BW60)/24 -> 1.0375 | BY60: =AX60 -> 4.7430556 | BZ60: =BX60/BY60 -> 0.21874085
A61: =BB61 -> 44982.354 | B61: DONE | C61: IMM | D61: STTC | E61: MV. VERDURE WAVE | G61: 44981.333 | H61: 44981.357 | I61: IMM-MBR | J61: Completed | K61: Completed | L61: IMM-2302-006 | N61: KINGFISHER 507 | O61: ASIA RIDER 501 | P61: IMM WB LS | Q61: 7508.448 | R61: 7527.395 | AC61: =R61 -> 7527.395 | AV61: =AY61 -> 44981.125 | AW61: =BO61 -> 44987.594 | AX61: =AW61-AV61 -> 6.46875 | AY61: 44981.125 | AZ61: 44981.125 | BA61: 44981.163 | BB61: 44982.354 | BC61: 44982.485 | BD61: 44982.492 | BE61: 44982.906 | BF61: 44982.906 | BG61: N/A | BH61: N/A | BI61: N/A | BJ61: 44983.17 | BK61: 44986.851 | BL61: 44987.236 | BM61: 44987.25 | BN61: 44987.25 | BO61: 44987.594 | BR61: =(BA61-AZ61)*24 -> 0.91666667 | BS61: =(BC61-BB61)*24 -> 3.1333333 | BT61: =(BF61-BE61)*24 -> 0 | BU61: =(BJ61-BF61)*24 -> 6.3333333 | BV61: =(BL61-BK61)*24 -> 9.25 | BW61: =(BO61-BN61)*24 -> 8.25 | BX61: =SUM(BR61:BW61)/24 -> 1.1618056 | BY61: =AX61 -> 6.46875 | BZ61: =BX61/BY61 -> 0.17960279
A62: =BB62 -> 44959.67 | B62: DONE | C62: JHN | D62: FAS | E62: BoCT/MV. BAO LUCKY | G62: 44982.521 | H62: 44982.521 | I62: JHN-BoCT | J62: Completed | K62: Completed | L62: JHN-2302-001 | N62: PUTRA RUPAT 1 | O62: TANJUNG MEDANG I | P62: JHN | Q62: 7500 | R62: 7725.082 | AJ62: =R62 -> 7725.082 | AV62: =AY62 -> 44959.417 | AW62: =BO62 -> 44967.302 | AX62: =AW62-AV62 -> 7.8854167 | AY62: 44959.417 | AZ62: 44959.417 | BA62: 44959.417 | BB62: 44959.67 | BC62: 44962.872 | BD62: 44963.743 | BE62: 44963.743 | BF62: 44963.743 | BG62: N/A | BH62: N/A | BI62: N/A | BJ62: 44965.681 | BK62: 44966.632 | BL62: 44967.271 | BM62: 44967.302 | BN62: 44967.302 | BO62: 44967.302 | BR62: =(BA62-AZ62)*24 -> 0 | BS62: =(BC62-BB62)*24 -> 76.833333 | BT62: =(BF62-BE62)*24 -> 0 | BU62: =(BJ62-BF62)*24 -> 46.5 | BV62: =(BL62-BK62)*24 -> 15.333333 | BW62: =(BO62-BN62)*24 -> 0 | BX62: =SUM(BR62:BW62)/24 -> 5.7777778 | BY62: =AX62 -> 7.8854167 | BZ62: =BX62/BY62 -> 0.73271686
A63: =BB63 -> 44973.524 | B63: DONE | C63: JHN | D63: FAS | E63: BoCT/MV. HC SUNSHINE | G63: 44984.733 | H63: 44984.733 | I63: JHN-BoCT | J63: Completed | K63: Completed | L63: JHN-2302-002 | N63: PUTRA RUPAT 1 | O63: TANJUNG MEDANG I | P63: JHN | Q63: 7500 | R63: 7710.845 | AJ63: =R63 -> 7710.845 | AV63: =AY63 -> 44972.882 | AW63: =BO63 -> 44979.188 | AX63: =AW63-AV63 -> 6.3055556 | AY63: 44972.882 | AZ63: 44972.882 | BA63: 44972.882 | BB63: 44973.524 | BC63: 44974.847 | BD63: 44975.691 | BE63: 44975.691 | BF63: 44975.691 | BG63: N/A | BH63: N/A | BI63: N/A | BJ63: 44977.396 | BK63: 44978.701 | BL63: 44979.16 | BM63: 44979.188 | BN63: 44979.188 | BO63: 44979.188 | BR63: =(BA63-AZ63)*24 -> 0 | BS63: =(BC63-BB63)*24 -> 31.75 | BT63: =(BF63-BE63)*24 -> 0 | BU63: =(BJ63-BF63)*24 -> 40.916667 | BV63: =(BL63-BK63)*24 -> 11 | BW63: =(BO63-BN63)*24 -> 0 | BX63: =SUM(BR63:BW63)/24 -> 3.4861111 | BY63: =AX63 -> 6.3055556 | BZ63: =BX63/BY63 -> 0.55286344
A64: =BB64 -> 44979.566 | B64: DONE | C64: JHN | D64: FAS | E64: BoCT/MV. BEST TRADER | G64: 44989.613 | H64: 44989.613 | I64: JHN-BoCT | J64: Completed | K64: Completed | L64: JHN-2302-003 | N64: CSA 6 | O64: CSA 3003 | P64: JHN | Q64: 7500 | R64: 7509.677 | AJ64: =R64 -> 7509.677 | AV64: =AY64 -> 44975.76 | AW64: =BO64 -> 44984.979 | AX64: =AW64-AV64 -> 9.21875 | AY64: 44975.76 | AZ64: 44975.76 | BA64: 44975.76 | BB64: 44979.566 | BC64: 44982.618 | BD64: 44982.837 | BE64: 44982.837 | BF64: 44982.837 | BG64: N/A | BH64: N/A | BI64: N/A | BJ64: 44984.312 | BK64: 44984.545 | BL64: 44984.948 | BM64: 44984.979 | BN64: 44984.979 | BO64: 44984.979 | BR64: =(BA64-AZ64)*24 -> 0 | BS64: =(BC64-BB64)*24 -> 73.25 | BT64: =(BF64-BE64)*24 -> 0 | BU64: =(BJ64-BF64)*24 -> 35.416667 | BV64: =(BL64-BK64)*24 -> 9.6666667 | BW64: =(BO64-BN64)*24 -> 0 | BX64: =SUM(BR64:BW64)/24 -> 4.9305556 | BY64: =AX64 -> 9.21875 | BZ64: =BX64/BY64 -> 0.53483992
A65: =BB65 -> 44978.194 | B65: DONE | C65: KJA | D65: STTC | E65: MV. CORONA CITRUS | G65: 44981.375 | H65: 44981.375 | I65: KJA-MBR | J65: Completed | K65: Completed | L65: KJA-2302-001 | N65: KSA EMERALD | O65: RMN 366 | P65: KJA | Q65: =3015*2.4 -> 7236 | R65: 7509 | AL65: =R65 -> 7509 | AV65: =AY65 -> 44973.642 | AW65: =BO65 -> 44983.455 | AX65: =AW65-AV65 -> 9.8125 | AY65: 44973.642 | AZ65: 44976.208 | BA65: 44977 | BB65: 44978.194 | BC65: 44978.438 | BD65: 44978.448 | BE65: 44979.229 | BF65: 44979.229 | BG65: N/A | BH65: N/A | BI65: N/A | BJ65: 44980.667 | BK65: 44981.885 | BL65: 44983.188 | BM65: 44983.194 | BN65: 44983.194 | BO65: 44983.455 | BR65: =(BA65-AZ65)*24 -> 19 | BS65: =(BC65-BB65)*24 -> 5.8333333 | BT65: =(BF65-BE65)*24 -> 0 | BU65: =(BJ65-BF65)*24 -> 34.5 | BV65: =(BL65-BK65)*24 -> 31.25 | BW65: =(BO65-BN65)*24 -> 6.25 | BX65: =SUM(BR65:BW65)/24 -> 4.0347222 | BY65: =AX65 -> 9.8125 | BZ65: =BX65/BY65 -> 0.41118188
A66: =BB66 -> 44981.115 | B66: DONE | C66: KJA | D66: STTC | E66: MV. VERDURE WAVE | G66: 44981.333 | H66: 44981.357 | I66: KJA-MBR | J66: Completed | K66: Completed | L66: KJA-2302-002 | N66: KSA 44 | O66: RMN 343 | P66: KJA | Q66: =3142*2.4 -> 7540.8 | R66: 7509 | AL66: =R66 -> 7509 | AV66: =AY66 -> 44977.417 | AW66: =BO66 -> 44986.792 | AX66: =AW66-AV66 -> 9.375 | AY66: 44977.417 | AZ66: 44978.917 | BA66: 44979.708 | BB66: 44981.115 | BC66: 44981.288 | BD66: 44981.302 | BE66: 44981.75 | BF66: 44981.75 | BG66: N/A | BH66: N/A | BI66: N/A | BJ66: 44983.188 | BK66: 44984.792 | BL66: 44986.444 | BM66: 44986.465 | BN66: 44986.465 | BO66: 44986.792 | BR66: =(BA66-AZ66)*24 -> 19 | BS66: =(BC66-BB66)*24 -> 4.1666667 | BT66: =(BF66-BE66)*24 -> 0 | BU66: =(BJ66-BF66)*24 -> 34.5 | BV66: =(BL66-BK66)*24 -> 39.666667 | BW66: =(BO66-BN66)*24 -> 7.8333333 | BX66: =SUM(BR66:BW66)/24 -> 4.3819444 | BY66: =AX66 -> 9.375 | BZ66: =BX66/BY66 -> 0.46740741
A67: =BB67 -> 44967.632 | B67: DONE | C67: KMIA | D67: STTC | E67: MV. HONG KUN 7 | G67: 44973.99 | H67: 44973.999 | I67: KMIA-MBR | J67: Completed | K67: Completed | L67: KMIA-2302-001 | N67: KSA ANUGRAH | O67: RMN 368 | P67: KMIA | Q67: =3141*2.4 -> 7538.4 | R67: 7500 | AK67: =R67 -> 7500 | AV67: =AY67 -> 44960.229 | AW67: =BO67 -> 44974.708 | AX67: =AW67-AV67 -> 14.479167 | AY67: 44960.229 | AZ67: 44966.865 | BA67: 44967.312 | BB67: 44967.632 | BC67: 44968.08 | BD67: 44968.097 | BE67: 44968.101 | BF67: =BE67+(10/24) -> 44968.517 | BG67: 44970.292 | BH67: 44970.458 | BI67: 44970.403 | BJ67: 44973.729 | BK67: 44974.194 | BL67: 44974.375 | BM67: 44974.396 | BN67: 44974.396 | BO67: 44974.708 | BR67: =(BA67-AZ67)*24 -> 10.75 | BS67: =(BC67-BB67)*24 -> 10.75 | BT67: =(BF67-BE67)*24 -> 10 | BU67: =(BJ67-BF67)*24 -> 125.08333 | BV67: =(BL67-BK67)*24 -> 4.3333333 | BW67: =(BO67-BN67)*24 -> 7.5 | BX67: =SUM(BR67:BW67)/24 -> 7.0173611 | BY67: =AX67 -> 14.479167 | BZ67: =BX67/BY67 -> 0.48465228
A68: =BB68 -> 44971.378 | B68: DONE | C68: KMIA | D68: TC | E68: MV. MAGIC TWILIGHT | G68: 44972.001 | H68: 44972.001 | I68: KMIA-MBR | J68: Completed | K68: Completed | L68: KMIA-2302-002 | N68: KINGSTON 333 | O68: ASIA RIDER 601 | P68: KMIA | Q68: =3156*2.4 -> 7574.4 | R68: 7500 | AK68: =R68 -> 7500 | AV68: =AY68 -> 44961.552 | AW68: =BO68 -> 44977.844 | AX68: =AW68-AV68 -> 16.291667 | AY68: 44961.552 | AZ68: 44969.559 | BA68: 44970.472 | BB68: 44971.378 | BC68: 44971.733 | BD68: 44971.75 | BE68: 44971.75 | BF68: =BE68+(10/24) -> 44972.167 | BG68: 44972.333 | BH68: 44972.5 | BI68: 44972.413 | BJ68: 44976.385 | BK68: 44977.201 | BL68: 44977.556 | BM68: 44977.576 | BN68: 44977.688 | BO68: 44977.844 | BP68: Subs.of TB. KINGFISHER 201 | BR68: =(BA68-AZ68)*24 -> 21.916667 | BS68: =(BC68-BB68)*24 -> 8.5 | BT68: =(BF68-BE68)*24 -> 10 | BU68: =(BJ68-BH68)*24 -> 93.25 | BV68: =(BL68-BK68)*24 -> 8.5 | BW68: =(BO68-BN68)*24 -> 3.75 | BX68: =SUM(BR68:BW68)/24 -> 6.0798611 | BY68: =AX68 -> 16.291667 | BZ68: =BX68/BY68 -> 0.37318841
A69: =BB69 -> 44971.819 | B69: DONE | C69: KMIA | D69: STTC | E69: MV. NEW CONFIDENCE | G69: 44971.812 | H69: 44971.792 | I69: KMIA-MBR | J69: Completed | K69: Completed | L69: KMIA-2302-003 | N69: KSA 115 | O69: RMN 350 | P69: KMIA | Q69: =3107*2.4 -> 7456.8 | R69: 7500 | AK69: =R69 -> 7500 | AV69: =AY69 -> 44961.771 | AW69: =BO69 -> 44979.066 | AX69: =AW69-AV69 -> 17.295139 | AY69: 44961.771 | AZ69: 44967.872 | BA69: 44968.278 | BB69: 44971.819 | BC69: 44972.201 | BD69: 44972.215 | BE69: 44972.222 | BF69: =BE69+(10/24) -> 44972.639 | BG69: 44973.542 | BH69: 44973.708 | BI69: 44973.618 | BJ69: 44976.153 | BK69: 44978.083 | BL69: 44978.781 | BM69: 44978.799 | BN69: 44978.799 | BO69: 44979.066 | BR69: =(BA69-AZ69)*24 -> 9.75 | BS69: =(BC69-BB69)*24 -> 9.1666667 | BT69: =(BF69-BE69)*24 -> 10 | BU69: =(BJ69-BF69)*24 -> 84.333333 | BV69: =(BL69-BK69)*24 -> 16.75 | BW69: =(BO69-BN69)*24 -> 6.4166667 | BX69: =SUM(BR69:BW69)/24 -> 5.6840278 | BY69: =AX69 -> 17.295139 | BZ69: =BX69/BY69 -> 0.32864887
A70: =BB70 -> 44974.354 | B70: DONE | C70: KMIA | D70: STTC | E70: MV. MAGIC THUNDER | G70: 44977.542 | H70: 44977.521 | I70: KMIA-BoCT | J70: Completed | K70: Completed | L70: KMIA-2302-004 | N70: FERY XXI | O70: MASADA 10 | P70: KMIA | Q70: =3107*2.4 -> 7456.8 | R70: 7500 | AK70: =R70 -> 7500 | AV70: =AY70 -> 44969.5 | AW70: =BO70 -> 44978.569 | AX70: =AW70-AV70 -> 9.0694444 | AY70: 44969.5 | AZ70: 44973.84 | BA70: 44974.25 | BB70: 44974.354 | BC70: 44974.865 | BD70: 44974.882 | BE70: 44974.91 | BF70: =BE70+(10/24) -> 44975.326 | BG70: 44975.542 | BH70: 44975.708 | BI70: 44975.681 | BJ70: 44977.083 | BK70: 44978.312 | BL70: 44978.556 | BM70: 44978.569 | BN70: 44978.569 | BO70: 44978.569 | BP70: End trip at BoCT and continue load C50 | BR70: =(BA70-AZ70)*24 -> 9.8333333 | BS70: =(BC70-BB70)*24 -> 12.25 | BT70: =(BF70-BE70)*24 -> 10 | BU70: =(BJ70-BH70)*24 -> 33.000001 | BV70: =(BL70-BK70)*24 -> 5.8333333 | BW70: =(BO70-BN70)*24 -> 0 | BX70: =SUM(BR70:BW70)/24 -> 2.9548612 | BY70: =AX70 -> 9.0694444 | BZ70: =BX70/BY70 -> 0.32580399
A71: =BB71 -> 44974.938 | B71: DONE | C71: KMIA | D71: STTC | E71: BoCT/MV. BAO LUCKY | G71: 44982.521 | H71: 44982.521 | I71: KMIA-BoCT | J71: Completed | K71: Completed | L71: KMIA-2302-005 | N71: KOMPAS 01 | O71: RMN 374 | P71: KMIA | Q71: =3071*2.4 -> 7370.4 | R71: 7500 | AK71: =R71 -> 7500 | AV71: =AY71 -> 44969.382 | AW71: =BO71 -> 44981.375 | AX71: =AW71-AV71 -> 11.993056 | AY71: 44969.382 | AZ71: 44973.861 | BA71: 44974.271 | BB71: 44974.938 | BC71: 44975.441 | BD71: 44975.469 | BE71: 44975.476 | BF71: =BE71+(10/24) -> 44975.892 | BG71: 44977.25 | BH71: 44977.417 | BI71: 44977.41 | BJ71: 44979.229 | BK71: 44980.545 | BL71: 44980.778 | BM71: 44980.792 | BN71: 44980.826 | BO71: 44981.375 | BR71: =(BA71-AZ71)*24 -> 9.8333333 | BS71: =(BC71-BB71)*24 -> 12.083333 | BT71: =(BF71-BE71)*24 -> 10 | BU71: =(BJ71-BH71)*24 -> 43.5 | BV71: =(BL71-BK71)*24 -> 5.5833333 | BW71: =(BO71-BN71)*24 -> 13.166667 | BX71: =SUM(BR71:BW71)/24 -> 3.9236111 | BY71: =AX71 -> 11.993056 | BZ71: =BX71/BY71 -> 0.32715692
A72: =BB72 -> 44982.479 | B72: DONE | C72: KMIA | D72: STTC | E72: MV. HC FORWARD | G72: 44982.417 | H72: 44982.378 | I72: KMIA-MBR | J72: Completed | K72: Completed | L72: KMIA-2302-006 | N72: KSA 129 | O72: RMN 329 | P72: KMIA | Q72: =3142*2.4 -> 7540.8 | R72: 7500 | AK72: =R72 -> 7500 | AV72: =AY72 -> 44978.948 | AW72: =BO72 -> 44990.781 | AX72: =AW72-AV72 -> 11.833333 | AY72: 44978.948 | AZ72: 44979.833 | BA72: 44980.208 | BB72: 44982.479 | BC72: 44982.983 | BD72: 44983.01 | BE72: 44983.014 | BF72: =BE72+(10/24) -> 44983.431 | BG72: 44985.292 | BH72: 44985.458 | BI72: 44985.458 | BJ72: 44986.767 | BK72: 44989.812 | BL72: 44990.514 | BM72: 44990.528 | BN72: 44990.528 | BO72: 44990.781 | BR72: =(BA72-AZ72)*24 -> 9 | BS72: =(BC72-BB72)*24 -> 12.083333 | BT72: =(BF72-BE72)*24 -> 10 | BU72: =(BJ72-BH72)*24 -> 31.416668 | BV72: =(BL72-BK72)*24 -> 16.833333 | BW72: =(BO72-BN72)*24 -> 6.0833333 | BX72: =SUM(BR72:BW72)/24 -> 3.5590278 | BY72: =AX72 -> 11.833333 | BZ72: =BX72/BY72 -> 0.30076292
A73: =BB73 -> 44961.833 | B73: DONE | C73: KWA | D73: STTC | E73: BoCT/MV. BEST TRADER | G73: 44989.613 | H73: 44989.613 | I73: KWA-BoCT | J73: Completed | K73: Completed | L73: KWA-2302-001 | N73: DELTA AYU 388 | O73: KALIMANTAN CAHAYA 88 | P73: KWA | Q73: =3117*2.4 -> 7480.8 | R73: 7501.561 | AR73: =R73 -> 7501.561 | AV73: =AY73 -> 44955.249 | AW73: =BO73 -> 44968.47 | AX73: =AW73-AV73 -> 13.220833 | AY73: 44955.249 | AZ73: 44956.806 | BA73: 44958.868 | BB73: 44961.833 | BC73: 44962.733 | BD73: 44962.847 | BE73: 44962.875 | BF73: =BE73+(51/24) -> 44965 | BG73: 44965.25 | BH73: 44965.417 | BI73: 44965.319 | BJ73: 44967.083 | BK73: 44967.667 | BL73: 44968.035 | BM73: 44968.059 | BN73: 44968.062 | BO73: 44968.47 | BR73: =(BA73-AZ73)*24 -> 49.5 | BS73: =(BC73-BB73)*24 -> 21.583333 | BT73: =(BF73-BE73)*24 -> 51 | BU73: =(BJ73-BH73)*24 -> 40 | BV73: =(BL73-BK73)*24 -> 8.8333333 | BW73: =(BO73-BN73)*24 -> 9.7833333 | BX73: =SUM(BR73:BW73)/24 -> 7.5291667 | BY73: =AX73 -> 13.220833 | BZ73: =BX73/BY73 -> 0.56949259
